message_id,message_url,message,emojis,date,user_id
"9,31110455636001E+017",https://twitter.com/olcalsace/status/931110455636000769,Concours de chant d'#StÃ¬mme : 's geht wÃ¬dder los ! :  https://t.co/f6MOU0A2WJ avec @BleuElsass  https://t.co/58RQeNJLTe,ğŸ¤,2017-11-16 11:43:26,348429557
"1,13335757616545E+018",https://twitter.com/olcalsace/status/1133357576165449728,Ce week-end l'#OLCA sera place de la RÃ©publique Ã  #Selestat pour #SlowUp ! Il fera beau et chaud n'oubliez pas d'VeloflÃ sch et la SÃ¹nnkrem ! https://t.co/DkaAKJOzkZ,ğŸ‘‰ğŸš²ğŸŒ„ğŸ¥¤ğŸŒ,2019-05-28 15:01:17,348429557
"1,14163074325859E+018",https://twitter.com/olcalsace/status/1141630743258587136,"NÃ¬t Vergesse ! Cet aprÃ¨s-midi aura lieu le Showcase de Charlotte Vix gagnante du concours de chant en #platt et en #alsacien d'#Stimme ! Ce jeudi 20 Juin 2019 Ã  la boutique #Orange, Place KlÃ©ber Ã  #Strasbourg ! On sera en live sur notre page Facebook !â€¼ï¸  https://t.co/kXDFovykLN",ğŸ¤ğŸ¶ğŸ“¡,2019-06-20 10:55:54,348429557
"1,14462889160629E+018",https://twitter.com/olcalsace/status/1144628891606290432,"C'est l'Ã©tÃ© mais il flotte encore un air de #printemps...Es blost noch e FrÃ¬ehjorslÃ¬ftele Merci Ã  tous les artistes et intervenants, Ã  nos partenaires, et bien sÃ»r Ã  vous tous, wie mÃ¬tgemÃ cht hÃ n ! #friehjohr2019 #Strasbourg  https://t.co/OZaHeg4S8X",ğŸŒğŸ˜ğŸŒ¸ğŸŒºğŸ‘,2019-06-28 17:29:28,348429557
"1,3058494577335E+018",https://twitter.com/olcalsace/status/1305849457733496832,DÃ©couvrez dÃ¨s Ã  prÃ©sent le teaser du Bas-Rhin de â€œWÃ s hesch Ã¬m SchÃ¬ld ?â€ ou â€œÃ€ cÃ´tÃ© de la plaque !â€ Ã€ partir du vendredi 18 septembre Ã  19h25 sur Alsace20 !  https://t.co/XhK4BMKAIY,â°,2020-09-15 14:42:26,348429557
"1,31634676619171E+018",https://twitter.com/olcalsace/status/1316346766191714304,"Zitt sÃ¬ch ze Ã mÃ¼sÃ¬ere ! C'est bientÃ´t #Halloween On vous a prÃ©parÃ© un tout nouveau #Feriespass pour occuper vos enfants pendant les #Vacances, en #alsacien ! Version N&amp;B :  https://t.co/ddMcuoXZTy Version Couleurs :  https://t.co/WYfO4tcDE2 #elsassischischbombisch  https://t.co/2T1IfIKKyK",ğŸƒğŸƒğŸƒâ¡ï¸â¡ï¸,2020-10-14 13:55:00,348429557
"1,3196384560883E+018",https://twitter.com/olcalsace/status/1319638456088301568,"'s Ã¬sch wÃ¬dder Zitt sÃ¬ch ze Ã mÃ¼sÃ¬ere !  L'#OLCA vous propose un petit jeu de mÃ©moire sur les animaux, avec du vocabulaire en alsacien. Il est disponible en tÃ©lÃ©chargement sur notre plateforme #lehre ï¸ TÃ©lÃ©charger le Memory :  https://t.co/BjxFYR1LCd  #elsassischischbombisch  https://t.co/GlOsMttQwk",â¡ï¸,2020-10-23 15:55:00,348429557
"1,32249352616107E+018",https://twitter.com/olcalsace/status/1322493526161068033,"HÃ n Ã¬hrâ€™s gewÃ¬sst ? ÃŒm ElsÃ ss ware trÃ ditionnel ke KÃ¬rbse Ã¼ssgehÃ©hlt, Ã wwer RÃ¼ewe ! En #Alsace, traditionnellement, on creuse des #Betteraves, pas des #Citrouilles pour #Halloween  ! Et vous, vous prÃ©fÃ©rez quoi ?! #elsassischischbombisch #Halloween2020 https://t.co/ynLaxy2pIX",ğŸƒğŸƒğŸƒ,2020-10-31 12:00:02,348429557
"1,3392225003292E+018",https://twitter.com/olcalsace/status/1339222500329197569,"Erlawe â€™s WihnÃ chtswÃ¹nder mÃ¬tem nÃ©je FeriespÃ ss! Le nouveau cahier d'activitÃ©s pour enfants spÃ©cial ""Rennes de NoÃ«l"" est dispo sur notre plateforme #Lehre ! En NB :  https://t.co/BFylPhgesx En couleur :  https://t.co/7JwARhJDWK #Noel2020 #Xmas #elsassischischbombisch  https://t.co/496cOiwR5p",ğŸ…â¡ï¸â¡,2020-12-16 15:55:00,348429557
"1,33998424663568E+018",https://twitter.com/olcalsace/status/1339984246635683841,"'s Ã¬sch bÃ l WihnÃ chte! Et pour l'occasion, l'#OLCA vous propose pas moins de 7 recettes pour rendre votre NoÃ«l plus gourmand ! https://t.co/hZzCAM0rUj Laquelle allez-vous tester ?! #Noel2020 #xmas2020 #elsassischischbombisch  https://t.co/FHG4a3Eob2",ğŸ…â¡ï¸,2020-12-18 18:21:54,348429557
"1,36677907751288E+018",https://twitter.com/olcalsace/status/1366779077512876033,"""LÃ¬edle zuem TrÃ¤ime"", des berceuses en #alsacien sur YouTube Ã€ Ã©couter par ici :  https://t.co/NSLjyFPIdn Les paroles et traduction sont dispos sous chacune des vidÃ©os et vous pouvez mÃªme activer les sous-titres ! #elsassischischbombisch #music  https://t.co/DTMNWCKZ40",ğŸ¶â¡ï¸ğŸ˜,2021-03-02 16:55:00,348429557
"1,36896783652639E+018",https://twitter.com/olcalsace/status/1368967836526391298,Le Friehjohr dÃ©barque dans votre salon ! Le spectacle sera diffusÃ© le samedi 20 mars 2021 Ã  20h sur le site internet de France 3 Grand Est https://t.co/QK9g3aIEu2 #elsassischischbombisch #friehjohrferunserisproch #alsace #culture #musique  https://t.co/kgU0cenwR8,ğŸ“ºğŸ“†â¡ï¸,2021-03-08 17:52:21,348429557
"1,37765820146687E+018",https://twitter.com/olcalsace/status/1377658201466867714,"[BÃ€BBELKÃ€PSEL] Ã€ l'occasion du jeudi-saint (GrÃ¬endÃ¹ngerschdi), nous vous proposons de dÃ©couvrir un #podcast sur les traditions alsaciennes de la semaine prÃ©cÃ©dent PÃ¢ques (KÃ rwÃ¹ch). Ã€ Ã©couter par ici :  https://t.co/hpnpXEbgLr #elsassischischbombisch #paques2021  https://t.co/JZ804FVdFY",ğŸ™â¡,2021-04-01 18:24:45,348429557
"1,38225354246798E+018",https://twitter.com/olcalsace/status/1382253542467981312,Ce n'est pas la rÃ©bellion des machines mais le nouveau FeriespÃ ss (cahier d'activitÃ©s en #alsacien) sur le thÃ¨me du #robot Ã  tÃ©lÃ©charger sur notre plateforme #Lehre ! En NB :  https://t.co/2Gxj63VzbH En couleur :  https://t.co/yrcleYGVtA #elsassischischbombisch  https://t.co/ilfd5LW7vP,ğŸ¤–â¡ï¸â¡ï¸,2021-04-14 10:45:00,348429557
"1,39891206530204E+018",https://twitter.com/olcalsace/status/1398912065302040580,"Joyeuse fÃªte des mÃ¨res Ã  toutes les mamans, on vous adore ! Ã€lles Guete zuem Mueterdoe! #fetedesmeres #elsassischischbombisch  https://t.co/4H7fqG2whB",â¤ï¸,2021-05-30 10:00:01,348429557
5531135463587885,https://facebook.com/olcalsace/posts/5531135463587885,"PÃ€RTNERSCHÃ€FT | PARTENARIAT

L'#OLCA est partenaire du Landesgartenschau 2022 Neuenburg am Rhein, le festival des jardins organisÃ© par nos voisins allemands, qui se tient du 22 avril au 3 octobre 2022. s ElsÃ ss brÃ¬ngt Ã©ich Ã¬n Festival-StÃ¬mmÃ¹ngÂ !

L'Office est invitÃ© sur le pavillon coordonnÃ© par Toute l'Alsace Ã  l'occasion d'un week-end dÃ©diÃ© Ã  l'#Alsace les etâƒ£ juin.

Au programme de ce week-end :
Samedi 11 juin 2022 Ã  19h30 : concert â€™s bstÃ¬mmte LÃ¬cht de LÃ©opoldine HH.
Dimanche 12 juin 2022 de 13h Ã  14h : De WundergÃ rte de Jean-pierre Albrecht
Dimanche 12 juin 2022 Ã  19h30 : spectacle ÃŒch bekÃ¹mm a Ã€ff de et avec Christophe Voltz et Gael Sieffert

Plus d'informations sur https://bit.ly/3NOXOHY

#elsassischischbombisch #lgsneuenburg",ğŸ¥¨1ï¸âƒ£1ï¸âƒ£1ï¸âƒ£2ï¸âƒ£,2022-06-03 09:45:02,208094739225344
5505020336199398,https://facebook.com/olcalsace/posts/5505020336199398,"Joyeuse fÃªte des mÃ¨res Ã  toutes les mamans ! On vous adore
Ã€lles Guete zuem Mueterdoe! M'r hÃ n ejch lÃ¬eb

#fetedesmeres #elsassischischbombisch",â¤â¤,2022-05-29 10:00:00,208094739225344
5468381813196584,https://facebook.com/olcalsace/posts/5468381813196584,"SPÃŒELE Ã™N GEWÃŒNNE | JEU-CONCOURS

L'#OLCA, en partenariat avec le NL Contest , vous fait gagner 2 PASS 3 JOURS pour un week-end de ride les 20/21/22 mai

Pour participer, rien de plus simple, il vous suffit de :
Liker les pages OLCAlsace et NL Contest
Liker et partager cette publication
Indiquer en commentaire les deux personnes avec lesquelles vous aimeriez passer ce WE !

Et ce n'est pas tout ! Les 2 gagnants recevront un T-shirt ""Elsassisch Ã¬sch bombisch"" Ã  retirer directement sur notre stand lors du festival.

Tentez votre chance : il n'y aura pas d'autre vendredi 13 cette annÃ©e

ClÃ´ture du jeu lundi Ã  23h59 !
Les gagnants seront contactÃ©s mardi...

Viel GlÃ¬ck!",ğŸ›¹ğŸ¤©â–¶ï¸â–¶ï¸â–¶ï¸ğŸ’¬â¤ï¸ğŸ˜±ğŸ‘‰ğŸ¤ğŸ˜‰,2022-05-13 15:30:10,208094739225344
5426722747362491,https://facebook.com/olcalsace/posts/5426722747362491,"PÃ€RTNERSCHÃ€FT | PARTENARIAT

C'est avec beaucoup de plaisir que l'OLCA a Ã©tÃ© partenaire du TrophÃ©e Kieny organisÃ© par Restaurant La Maison Kieny et qui s'est tenu ce mardi au ChÃ¢teau du Haut-Koenigsbourg.

L'Office a accompagnÃ© les Ã©quipes pÃ©dagogiques et les Ã©lÃ¨ves sur le terrain et en ligne, en rÃ©alisant un mini-lexique de la gastronomie et des arts de la table en franÃ§ais-alsacien, disponible sur notre site internet https://bit.ly/3kmse7G

Ã€ cette occasion, un prix spÃ©cial ""OLCA"" a Ã©tÃ© proposÃ© avec pour Ã©preuve la rÃ©alisation d'un amuse-bouche prÃ©sentÃ© en #alsacien.
FÃ©licitations Ã  la brigade du LycÃ©e HÃ´telier Alexandre Dumas Officiel qui remporte le premier prix de cette catÃ©gorie !

Merci et fÃ©licitations Ã  tous les participants pour leur participation, leurs belles rÃ©alisations et leur bonne humeur !

Guet gekocht, Chefs!

Plus d'infos sur : https://bit.ly/3OM0bMQ

#elsassischischbombisch

Restaurant La Maison Kieny
April 27 at 12:25 PM Â·

La deuxiÃ¨me Ã©dition du TrophÃ©e Jean-Marc Kieny s'est dÃ©roulÃ©e ce mardi, dans le cadre idyllique du ChÃ¢teau du Haut-Koenigsbourg.
Le trophÃ©e a Ã©tÃ© prÃ©sidÃ© cette annÃ©e par le Chef Olivier Nasti, 2 Ã©toiles Michelin et Meilleur Ouvrier de France !

Un grand bravo Ã  toutes les Ã©quipes composÃ©es d'Ã©lÃ¨ves et d'apprentis en formation hÃ´tellerie-restauration et fleuristerie qui ont rÃ©alisÃ© un travail remarquable en mettant Ã  l'honneur ""lâ€™Alsace recuisinÃ©eÂ®"" !

La brigade du CFA de l'HÃ´tellerie-Restauration de Colmar s'est particuliÃ¨rement dÃ©marquÃ©e en remportant le prestigieux trophÃ©e ! En 2Ã¨me place, nous retrouvons la brigade du lycÃ©e Alexandre Dumas Ã  Illkirch et en 3Ã¨me position celle du Cefppa Adrien Zeller Ã  Illkirch !

Le prix spÃ©cial OLCAlsace attribuÃ© Ã  l'amuse-bouche alsacien revient Ã  la brigade du LycÃ©e HÃ´telier Alexandre Dumas Officiel !

Merci aux Ã©coles, aux membres du jury, aux partenaires, aux mÃ©dias ainsi qu'Ã  toutes les personnes prÃ©sentes pour cette trÃ¨s belle journÃ©e en hommage Ã  Jean-Marc Kieny ! Cette nouvelle Ã©dition a encore une fois dÃ©montrÃ© que le terroir alsacien reprÃ©sente une vÃ©ritable richesse dans le paysage gastronomique et qu'il est important de le transmettre Ã  la nouvelle gÃ©nÃ©ration qui deviendra les hÃ´teliers et les restaurateurs de demain !

Pour en savoir plus
> https://restaurant-kieny.fr/trophee-jean-marc-kieny-2022/
> https://nouvellesgastronomiques.com/2eme-edition-du-trophee-jean-marc-kieny-presidee-par-olivier-nasti-2/

Mariella Kieny, Pascal Bastian, Auberge au Boeuf / Yannick Germain, pindurjosef, Marc Haeberlin, Serge Schaal, Marilyn Tanguy Girardin, Julien BINZ, PÃ¢tisserie Chocolaterie Kieny Laurent, Matthieu Koenig, Francois Baur, Joel Philipps Chef
LycÃ©e Aristide Briand, LycÃ©e Charles de Foucauld, Centre de Formation Bernard Stalter, Ã‰cole d'Horticulture et de Paysage de Roville
Alsace Destination Tourisme - Pro, Alsace QualitÃ©, Savourez l'Alsace, Alsace, Aux sources du Heimbach - Pisciculture Alsace, Eberhardt Pro, FÃ©dÃ©ration des Chefs dâ€™Alsace, Nouvelles Gastronomiques, ETOILES D'ALSACE, France Bleu Alsace, France 3 Alsace, FrÃ©dÃ©ric Bierry, Umih67, UMIH, Umih 68, Civa Alsace, Thierry Fritsch, Franck Kormann, â€¦

: Â©Good'Alsace - Sandrine Kauffer / Â©Toute l'Alsace

#tropheekieny #tropheejeanmarckieny #gastronomie #food #cuisine #jeunetalent #alsace",â¡ï¸ğŸ¥‡ğŸ‘¨â€ğŸ³â¡ï¸ğŸ§‘â€ğŸ³ğŸ°â­ï¸â­ï¸ğŸ‘ğŸ¥¨ğŸ†ğŸ¥‡ğŸ“¸,2022-04-28 17:42:24,208094739225344
5388871734480926,https://facebook.com/olcalsace/posts/5388871734480926,"OSCHTERE | PÃ‚QUES

Nous vous souhaitons Ã  toutes et Ã  tous de belles fÃªtes de PÃ¢ques, scheeni Oschtere!

#elsassichischbombisch #paques",ğŸ°,2022-04-17 10:00:02,208094739225344
5370097086358391,https://facebook.com/olcalsace/posts/5370097086358391,"FERIESPÃ€SS | CAHIER D'ACTIVITÃ‰S POUR ENFANTS

Le nouveau FeriespÃ ss sur le thÃ¨me de la forÃªt au printemps - d'r WÃ ld Ã¬m FrÃ¬ehjohr - est disponible gratuitement sur notre plateforme #Lehre !
TÃ©lÃ©charger le FeriespÃ ss en couleur : https://bit.ly/3r3XMDd
TÃ©lÃ©charger le FeriespÃ ss en NB : https://bit.ly/3O5A0AL

Dans ce numÃ©ro, les enfants pourront rÃ©aliser un gÃ¢teau en forme de poisson, dessiner des branches de cerisier, ou faire un beau coloriage. Des petits jeux sont Ã©galement proposÃ©s pour sâ€™amuser tout en apprenant quelques mots dâ€™#alsacien !

#elsassischischbombisch",ğŸŒ³â¡ï¸â¡ï¸ğŸ˜‰,2022-04-07 11:41:51,208094739225344
5328014553899978,https://facebook.com/olcalsace/posts/5328014553899978,"| SEMAINE INAUGURALE DU FRIEHJOHR |

La soirÃ©e d'ouverture du Friehjohr fer unseri Sproch marquera l'apogÃ©e des festivitÃ©s inaugurales du Printemps de l'alsacien - Friehjohr organisÃ©es Ã  Colmar.
Rendez-vous le samedi mars Ã  20h30 Ã  la salle des Catherinettes (8 rue KlÃ©ber Ã  Colmar) pour une soirÃ©e riche en musique !

Au programme : GÃ©ranium, B drop en duo acoustique, BabÃ¼sk, Di Mauro Swing jazz chant manouche et Luc Schillinger !

Inscription gratuite et obligatoire sur : bit.ly/3ok7ksb

Plus d'infos en cliquant sur l'Ã©vÃ©nement

#friehjohrferunserisproch #elsassischischbombisch

SAT, MAR 26
SoirÃ©e d'ouverture du Friehjohr fer unseri Sproch",2ï¸âƒ£6ï¸âƒ£ğŸ¶â¡â¬‡ï¸â¬‡ï¸,2022-03-22 16:21:43,208094739225344
5298670260167741,https://facebook.com/olcalsace/posts/5298670260167741,"| SEMAINE INAUGURALE DU FRIEHJOHR |

La soirÃ©e d'ouverture du Friehjohr fer unseri Sproch marquera l'apogÃ©e des festivitÃ©s inaugurales du Printemps de l'alsacien - Friehjohr organisÃ©es Ã  Colmar.
Rendez-vous le samedi mars Ã  20h30 Ã  la salle des Catherinettes (8 rue KlÃ©ber Ã  Colmar) pour une soirÃ©e riche en musique !

Les Di Mauro Swing jazz chant manouche seront Ã©galement de la partie et vous feront swinguer sur leur musique !

Inscription gratuite et obligatoire sur : bit.ly/3ok7ksb

RenÃ© Higelin

#friehjohrferunserisproch #elsassischischbombisch",2ï¸âƒ£6ï¸âƒ£ğŸ¶â¡ğŸ“¸,2022-03-11 15:26:21,208094739225344
5295816733786427,https://facebook.com/olcalsace/posts/5295816733786427,"| SEMAINE INAUGURALE DU FRIEHJOHR |

La soirÃ©e d'ouverture du Friehjohr fer unseri Sproch marquera l'apogÃ©e des festivitÃ©s inaugurales du Printemps de l'alsacien - Friehjohr organisÃ©es Ã  Colmar.

Rendez-vous le samedi mars Ã  20h30 Ã  la salle des Catherinettes (8 rue KlÃ©ber Ã  Colmar) pour une soirÃ©e riche en musique !

Au programme de cette soirÃ©e Ã©galement, le groupe Elsass pop folk BabÃ¼sk, qui vous embarquera avec ses chansons entraÃ®nantes ! 

Inscription gratuite et obligatoire sur : bit.ly/3ok7ksb

#friehjohrferunserisproch #elsassischischbombisch",2ï¸âƒ£6ï¸âƒ£ğŸ¶â¡,2022-03-10 14:52:20,208094739225344
5293189397382494,https://facebook.com/olcalsace/posts/5293189397382494,"| TOURNÃ‰E JEUNE PUBLIC |

Venez assister au spectacle trilingue (franÃ§ais-allemand-alsacien) ""Die Geschichte von Herrn Sommer / Lâ€™histoire de Monsieur Sommer"", de la Cie Indigo ce samedi mars Ã  10h30 Ã  la Mediatheque-Oberhausbergen !

Spectacle de marionnettes, mÃªlant, thÃ©Ã¢tre, musiques et vidÃ©os - pour enfants dÃ¨s 7 ans.

EntrÃ©e libre sur rÃ©servation : mediatheque@le-preo.fr ou 03 88 56 79 65

#elsassischischbombisch

Mediatheque-Oberhausbergen
March 8 at 3:15 PM Â·

[SPECTACLE] Samedi 12 mars 10h30 ""L'histoire de M.Sommer"" par la Cie Indigo...C'est Ã  la mÃ©diathÃ¨que, sur inscription
#oberhausbergen
#bilingue",1ï¸âƒ£2ï¸âƒ£â¡ï¸â¡ï¸ğŸ¥³ğŸ¤©ğŸ—£ğŸ¬,2022-03-09 15:47:38,208094739225344
5292717567429677,https://facebook.com/olcalsace/posts/5292717567429677,"| SEMAINE INAUGURALE DU FRIEHJOHR |

La soirÃ©e d'ouverture du Friehjohr fer unseri Sproch marquera l'apogÃ©e des festivitÃ©s inaugurales du Printemps de l'alsacien - Friehjohr organisÃ©es Ã  Colmar.
Rendez-vous le samedi mars Ã  20h30 Ã  la salle des Catherinettes (8 rue KlÃ©ber Ã  Colmar) pour une soirÃ©e riche en musique !

Luc Schillinger, artiste aux multiples facettes - comÃ©dien, musicien, chanteur - rejoint la programmation de la soirÃ©e !

Inscription gratuite et obligatoire sur : bit.ly/3ok7ksb

Monique Seemann

#friehjohrferunserisproch #elsassischischbombisch",2ï¸âƒ£6ï¸âƒ£â¡ğŸ“¸,2022-03-09 12:06:33,208094739225344
5289901624377938,https://facebook.com/olcalsace/posts/5289901624377938,"| SEMAINE INAUGURALE DU FRIEHJOHR |

La soirÃ©e d'ouverture du Friehjohr fer unseri Sproch marquera l'apogÃ©e des festivitÃ©s inaugurales du Printemps de l'alsacien - Friehjohr organisÃ©es Ã  Colmar.
Rendez-vous le samedi mars Ã  20h30 Ã  la salle des Catherinettes (8 rue KlÃ©ber Ã  Colmar) pour une soirÃ©e riche en musique !

Figure dans notre programmation B drop en duo, composÃ© de Brigitte Crenner, finaliste de la 4e Ã©dition du concours D'Stimme, chanteuse multilingue Ã  la voix douce et puissante, et de Jean-Claude Lux, un virtuose de la guitare plein d'Ã©nergie ! 

Inscription gratuite et obligatoire sur : bit.ly/3ok7ksb

Emmanuel Viverge

#friehjohrferunserisproch #elsassischischbombisch",2ï¸âƒ£6ï¸âƒ£ğŸ¶â¡ğŸ“¸,2022-03-08 11:47:37,208094739225344
5287935887907845,https://facebook.com/olcalsace/posts/5287935887907845,"| SEMAINE INAUGURALE DU FRIEHJOHR |

La soirÃ©e d'ouverture du Friehjohr fer unseri Sproch marquera l'apogÃ©e des festivitÃ©s inaugurales du Printemps de l'alsacien - Friehjohr organisÃ©es Ã  Ville de Colmar.
Rendez-vous le samedi mars Ã  20h30 Ã  la salle des Catherinettes (8 rue KlÃ©ber Ã  Colmar) pour une soirÃ©e riche en musique !

Figure dans notre programmation le groupe GÃ©ranium qui mÃ©lange musiques traditionnelles, mises en musique de poÃ¨tes, et harmonies vocales pour faire sonner amoureusement l'#alsacien ! 

Inscription gratuite et obligatoire sur : bit.ly/3ok7ksb

Bertrand Louzi

#friehjohrferunserisproch #elsassischischbombisch",2ï¸âƒ£6ï¸âƒ£ ğŸ¶â¡ğŸ“¸,2022-03-07 16:40:48,208094739225344
5259073730794061,https://facebook.com/olcalsace/posts/5259073730794061,"| MIR REDDE PLATT |

Dans le cadre du festival ""Mir redde platt"" organisÃ© par la Ville de Sarreguemines, une projection gratuite du film ""Dâ€™r Herr Maire"", en alsacien et sous-titrÃ© en franÃ§ais, est proposÃ©e ce dimanche fÃ©vrier Ã  15h au Casino de la FaÃ¯encerie.

EntrÃ©e libre et gratuite.
Pass vaccinal obligatoire

DÃ©couvrez la programmation complÃ¨te sur : https://www.sarreguemines.fr/platt

Plus d'infos sur l'Ã©vÃ©nement ci-dessous

#mirreddeplatt #elsassischischbombisch

SUN, FEB 27
MIR REDDE PLATT | Projection du film ""D'r Herr Maire""",2ï¸âƒ£7ï¸âƒ£âœ…â¡ï¸â¬‡ï¸â¬‡ï¸,2022-02-25 10:21:42,208094739225344
5230810256953742,https://facebook.com/olcalsace/posts/5230810256953742,"| SEMAINE INAUGURALE DU FRIEHJOHR FER UNSERI SPROCH |

Cette annÃ©e, le Printemps de l'alsacien - Friehjohr fÃªte sa 20e Ã©dition ! La semaine inaugurale se dÃ©roulera du 23 au 26 mars prochains Ã  Ville de Colmar !

DÃ©couvrez la programmation sur : http://www.friehjohr.com/

#elsassischischbombisch",â¡,2022-02-16 11:44:35,208094739225344
5230804360287665,https://facebook.com/olcalsace/posts/5230804360287665,"| SEMAINE INAUGURALE DU FRIEHJOHR FER UNSERI SPROCH |

Cette annÃ©e, le Printemps de l'alsacien - Friehjohr fÃªte sa 20e Ã©dition ! La semaine inaugurale se dÃ©roulera du 23 au 26 mars prochains Ã  Ville de Colmar !

DÃ©couvrez la programmation sur : http://www.friehjohr.com/

#elsassischischbombisch

Printemps de l'alsacien - Friehjohr
February 16 at 10:25 AM Â·

| SEMAINE INAUGURALE DU FRIEHJOHR FER UNSERI SPROCH |

Cette annÃ©e, le Friehjohr fer unseri Sproch fÃªte sa 20e Ã©dition ! La semaine inaugurale se dÃ©roulera du 23 au 26 mars prochains Ã  Ville de Colmar !

DÃ©couvrez la programmation sur : http://www.friehjohr.com/

Merci Ã  tous nos partenaires : OLCAlsace, Colmar Tourisme, Le RÃ©seau des BibliothÃ¨ques de Colmar MusÃ©e du Jouet - Colmar, MusÃ©e d'Histoire Naturelle et d'Ethnographie de Colmar, Amis de la BibliothÃ¨que de Colmar, CrÃ©dit Mutuel, RÃ©gion Grand Est, Toute l'Alsace

#elsassischischbombisch",â¡â¡,2022-02-16 11:41:50,208094739225344
5192990684069033,https://facebook.com/olcalsace/posts/5192990684069033,"Le nouveau FeriespÃ ss sur le thÃ¨me du #nouvelanchinois - 's chinesische NÃ©ijohr - est disponible gratuitement sur notre plateforme #Lehre ! 
TÃ©lÃ©charger le FeriespÃ ss en couleur : https://bit.ly/3L9DRLp
TÃ©lÃ©charger le FeriespÃ ss en NB : https://bit.ly/3ATYAhG

Dans ce numÃ©ro, les enfants pourront confectionner des biscuits chinois porte-bonheur, fabriquer une lanterne en papier et se dÃ©tendre avec un coloriage. De petits jeux sont Ã©galement proposÃ©s pour sâ€™amuser tout en apprenant quelques mots dâ€™#alsacien ! 

#elsassischischbombisch",ğŸ‰â¡ï¸â¡ï¸ğŸ˜‰,2022-02-04 10:30:00,208094739225344
5170415989659836,https://facebook.com/olcalsace/posts/5170415989659836,"""Ich wÃ rt uf de Theo / En attendant Theo"" : lecture de Pierre Kretz

Pierre Kretz livre pour la premiÃ¨re fois son nouveau texte au public lors d'une soirÃ©e au FEC Strasbourg le fÃ©vrier 2022. En Ã©cho Ã  son texte ""Ich ben a beesi frau"", ce monologue devrait donner vie Ã  une nouvelle piÃ¨ce de thÃ©Ã¢tre et paraitre en librairie dans une version bilingue.

Toutes les infos sur : https://bit.ly/3IMEJna

#elsassischischbombisch",2ï¸âƒ£â¡,2022-01-28 16:54:08,208094739225344
5080273292007440,https://facebook.com/olcalsace/posts/5080273292007440,"ELSASS CUP SONG : Quand ""When I'm gone"" devient ""Wonn ich wohn"" 

7 ans aprÃ¨s la reprise de l'original ""Cup Song"", les Ã©lÃ¨ves du CollÃ¨ge du Berstein de Dambach-la-Ville, sous la houlette du professeur de musique FrÃ©dÃ©ric Schalk, reviennent avec une reprise de la cÃ©lÃ¨bre chanson, en #alsacien cette fois-ci. Un moyen de mettre en valeur notre belle rÃ©gion et de lui rendre hommage !

Ã€ voir sans modÃ©ration : https://www.youtube.com/watch?v=kHED1A-hxyI

#elsassischischbombisch

YOUTUBE.COM
Elsass CupSong - CollÃ¨ge du Bernstein Ã  Dambach-la-Ville",ğŸµâ¡,2022-01-06 15:48:01,208094739225344
5020739924627444,https://facebook.com/olcalsace/posts/5020739924627444,"GlÃ¬cklichi WihnÃ chte Ã¹n e gÃ¼eter RÃ¹tsch Ã¬n's neje Johr wÃ¬nscht ejch 's Team vÃ¹m OLCA ! 
Toute lâ€™Ã©quipe de lâ€™OLCA vous souhaite d'excellentes fÃªtes de fin d'annÃ©e !

On en profite pour vous proposer une petite rÃ©trospective de l'annÃ©e passÃ©e !

RÃ©alisation : KAPTA PROD
Musique : Hit esch Wihnachtsowe - Jumble NoÃ«l",ğŸ„ğŸ¥ğŸµ,2021-12-21 14:00:01,208094739225344
5003713742996729,https://facebook.com/olcalsace/posts/5003713742996729,"Une nouvelle rasade de Schnapps !

Un an Ã  peine aprÃ¨s la sortie de son premier album, le groupe de ""rock alsaco-rigolo"", Schnapps, sort son 2e opus ""Made Ã¬n ElsÃ ss"". Vous en reprendrez bien un SchlÃ¹ck ?!

Plus d'infos sur : https://bit.ly/3F5QCTH
Pour vous procurer le CD : https://bit.ly/3q8EXx8

#elsassischischbombisch",â¡â¡,2021-12-17 17:36:41,208094739225344
4998490923519011,https://facebook.com/olcalsace/posts/4998490923519011,"Le nouveau FeriespÃ ss sur le thÃ¨me du bonhomme de neige - dâ€™r SchneemÃ nn - est disponible gratuitement sur notre plateforme #Lehre ! 
TÃ©lÃ©charger le FeriespÃ ss en couleur : https://bit.ly/3FeeOTW
TÃ©lÃ©charger le FeriespÃ ss en NB : https://bit.ly/3q4AlIn

Dans ce numÃ©ro : vocabulaire, coloriage, bricolage et recette sont au programme ! Chantez Ã©galement sur des titres d'Isabelle Grussenmeyer et de Jean-pierre Albrecht !
Nos activitÃ©s vous accompagnent pendant les vacances pour vous amuser en famille ! 

#elsassischischbombisch",â›„ï¸â¡ï¸â¡ï¸ğŸ˜‰,2021-12-16 16:05:46,208094739225344
4992204447480992,https://facebook.com/olcalsace/posts/4992204447480992,"Le 11 dÃ©cembre dernier, soit 30 ans aprÃ¨s la pose de la premiÃ¨re plaque de rue bilingue de la ville, MichÃ¨le Lutz, maire de Mulhouse (Mulhouse.fr), a inaugurÃ© la Ã¨me plaque bilingue mulhousienne : FÃ wrikÃ nta Stross - Rue de la Bourse.

Une action qui dÃ©montre une fois de plus la volontÃ© de la Ville de s'engager pour la langue et la culture alsaciennes !

#elsassischischbombisch

Mulhouse.fr
December 11, 2021 at 10:56 AM Â·

30 ans aprÃ¨s la pose de la premiÃ¨re plaque bilingue Ã  Mulhouse, MichÃ¨le Lutz, Maire de Mulhouse, a inaugurÃ© ce matin la 300e rue bilingue mulhousienne : la rue de la Bourse - FawrÃ¬kÃ nta Stross 

Une dÃ©nomination en alsacien qui nâ€™est pas la traduction du nom officiel en franÃ§ais Lâ€™installation de la signalÃ©tique bilingue des rues permet en effet aussi de valoriser le patrimoine mulhousien.
Pour cette rue, la dÃ©nomination en alsacien rend hommage aux Â« capitaines dâ€™industrie / Fabrikherren / FawrÃ¬kÃ nta Â» qui ont forgÃ© lâ€™essor industriel de Mulhouse au 18/19 e siÃ¨cle et crÃ©Ã© la SIM - SociÃ©tÃ© industrielle de Mulhouse.",3ï¸âƒ£0ï¸âƒ£0ï¸âƒ£ğŸ­ğŸ§ğŸ‘‰,2021-12-15 10:57:33,208094739225344
4989875451047225,https://facebook.com/olcalsace/posts/4989875451047225,"[SPÃŒELE MÃŒT!]

L'OLCA propose un petit jeu pour NoÃ«l ! Pour participer, rien de plus simple, il vous suffit de rÃ©pondre en #alsacien Ã  la question suivante :
WÃ s mÃ cht d'KÃ tz Ã¹ff'm SchlÃ¬tte mÃ¬t de WihnÃ chtsmÃ nnkÃ pp? 

Il n'y a pas de mauvaise rÃ©ponse, soyez crÃ©atifs et drÃ´les, on veut simplement s'amuser ! 

Parmi les rÃ©ponses, 5 personnes seront tirÃ©es au sort et gagneront un lot composÃ© de :
une carte spÃ©ciale Bredle
des livres et CDs pour enfants et adultes
une panoplie ""bombisch"" (t-shirt, badge et autocollant)

Fin du jeu dimanche 19 dÃ©cembre Ã  minuit. Les gagnants seront contactÃ©s lundi via Messenger, alors surveillez vos boÃ®tes !

Ã€ vos claviers ! 

#elsassischischbombisch","ğŸ™€ğŸ˜‰âœ…âœ…âœ…ğŸ˜‰
",2021-12-14 17:36:48,208094739225344
4952378171463620,https://facebook.com/olcalsace/posts/4952378171463620,"Hier s'est dÃ©roulÃ© un ""Koch Show"" (Cook Show en #alsacien) dans le cadre du MarchÃ© de NoÃ«l de la Ville de Colmar. Le chef 2 Ã©toiles Michelin, Marc Haeberlin, a fait dÃ©couvrir au public prÃ©sent son incroyable recette de ""Friture de carpe Ã  lâ€™illhousienne, sauce mayonnaise au sakÃ©, retour de Nagoya"", que nous vous livrons aujourd'hui dans une version franco-alsacienne !

Vous avez des talents de chef en herbe ? Alors n'hÃ©sitez pas Ã  vous lancer dans la rÃ©alisation de cette recette et Ã  nous partager vos rÃ©sultats 

E Gueter!

Colmar Tourisme Visit Alsace

#elsassischischbombisch",ğŸ˜‰,2021-12-03 11:23:21,208094739225344
4941973772504060,https://facebook.com/olcalsace/posts/4941973772504060,"Stammtisch online Ã¹f Elsassisch : Rund um d'Adventzeit 

L'UniversitÃ© Populaire transfrontaliÃ¨re PAMINA (UP Pamina VHS) organise un Stammtisch virtuel sur le thÃ¨me de l'#Avent mardi dÃ©cembre 2021 en visioconfÃ©rence.

En visio sur Zomm de 18h Ã  20h
Prix : 15â‚¬
Inscription : 03 88 94 95 64 - info[at]up-pamina-vhs.org

Les tÃ©moignages et souvenirs d'enfance dâ€™#Alsace et dâ€™ailleurs, traditions et habitudes revisitÃ©es seront Ã  lâ€™ordre du jour de cette rencontre en ligne animÃ©e par BÃ©nÃ©dicte Keck, chargÃ©e de mission Ã  l'OLCA et comÃ©dienne.

#elsassischischbombisch",ğŸ„7ï¸âƒ£ğŸŸ¢âš â¡,2021-11-30 17:19:07,208094739225344
4874538172580954,https://facebook.com/olcalsace/posts/4874538172580954,"[WÃ€S HESCH ÃŒM SCHÃŒLD ? / Ã€ CÃ”TÃ‰ DE LA PLAQUE !]

HÃ n Ã¬hr Ã m Friddi â€œWÃ s hesch Ã¬m SchÃ¬ldâ€ verpÃ sst? NÃ¬t schlÃ¬mm! 

Dans ce 38e Ã©pisode de â€œÃ€ coÌ‚teÌ de la plaque !â€, BÃ©nÃ©dicte nous emmÃ¨ne Ã  Ingwiller (Mairie Ingwiller / CommunautÃ© de Communes de Hanau-La Petite Pierre) pour nous raconter l'histoire de la rue des Ã‰toiles (Sternegass).

Profitez de votre passage Ã  Ingwiller pour vous arrÃªter Ã  la maison Klein & Wanner implantÃ©e dans la commune depuis 1885.
Ã€ quelques kilomÃ¨tres, plus prÃ©cisÃ©ment Ã  Wingen-sur-Moder, vous pouvez visiter le MusÃ©e Lalique oÃ¹ vous pourrez admirer de magnifiques oeuvres d'art en cverre et en cristal.

Retrouvez Ã©galement l'Ã©pisode en replay sur le site d'Alsace 20 : https://bit.ly/3094k8S

Un partenariat Alsace20, Alsace Destination Tourisme - Pro, Visit Alsace et OLCAlsace
Un projet soutenu par : RÃ©gion Grand Est et Toute l'Alsace

#whis #acotedelaplaque #elsassischischbombisch",ğŸ™ƒâ¡ï¸,2021-11-10 12:15:15,208094739225344
4871807376187367,https://facebook.com/olcalsace/posts/4871807376187367,"Fer de Schwalmele-Priss 2022 kenne-n-Ã¬hr Ã b jetz jemÃ nd vorschlaawe!

L'association du Printemps de l'alsacien - Friehjohr rÃ©compense - avec les TrophÃ©es des SchwÃ¤lmele - ceux qui s'engagent au quotidien pour les langues rÃ©gionales d'Alsace et de Moselle. Ainsi, des individuels, des entreprises, des communes et des associations se voient remettre un prix Ã  lâ€™occasion de la cÃ©rÃ©monie de remise des trophÃ©es organisÃ©e au mois de mars. 

Si vous Ãªtes candidat ou souhaitez en proposer, vous pouvez remplir le formulaire de candidature et nous le transmettre ! 
TÃ©lÃ©charger le formulaire d'inscription : http://bit.ly/30mZG31

Date limite d'inscription : le 25 janvier 2022

#friehjohrferunserisproch #friehjohrsschwalmele2022 #minisprochischbombisch #elsassischischbombisch",ğŸ†ğŸ†ğŸ†ğŸ˜€â¡ï¸ğŸ•›,2021-11-09 15:10:37,208094739225344
4822703304431108,https://facebook.com/olcalsace/posts/4822703304431108,"'s Ã¬sch bÃ l Halloween... 

Les vacances battent leur plein, et chacun s'attelle Ã  la prÃ©paration de sa propre ""GrÃ¼selnÃ cht""! 
Pour vous accompagner et peut-Ãªtre vous donner quelques idÃ©es, l'OLCA vous propose de (re)dÃ©couvrir son cahier de bricolages d'Halloween et son FeriespÃ ss sur le thÃ¨me des sorciÃ¨res, tous deux disponibles sur notre plateforme #Lehre.

TÃ©lÃ©charger les bricolages d'Halloween  http://bit.ly/2NoxCqa

TÃ©lÃ©charger le FeriespÃ ss des SorciÃ¨res https://bit.ly/2SRxp1V

#elsassischischbombisch #halloween2021",ğŸ‘»ğŸƒğŸ˜±â¡â¡,2021-10-29 14:00:45,208094739225344
4822521801115925,https://facebook.com/olcalsace/posts/4822521801115925,"[WÃ€S HESCH ÃŒM SCHÃŒLD ? / Ã€ CÃ”TÃ‰ DE LA PLAQUE !]

HÃ n Ã¬hr Ã m Friddi â€œWÃ s hesch Ã¬m SchÃ¬ldâ€ verpÃ sst? NÃ¬t schlÃ¬mm!

Dans ce 36e Ã©pisode de â€œÃ€ coÌ‚teÌ de la plaque !â€, direction le pays welche aux cÃ´tÃ©s d'Elisa qui nous emmÃ¨ne plus prÃ©cisÃ©ment Ã  Commune de Labaroche (CommunautÃ© de Communes de la VallÃ©e de Kaysersberg) !
Avec son invitÃ© spÃ©cial, Jean-FranÃ§ois Million, ils nous racontent l'histoire du lieu-dit ""le Gros Oiseau"" (Gro Wazo) - dont la traduction depuis le #welche est erronÃ©e.

Profitez de votre visite pour dÃ©couvrir le MusÃ©e des mÃ©tiers du bois et du patrimoine Labaroche. Un peu plus loin, Ã  Lapoutroie Alsace, dÃ©couvrez le MusÃ©e des Eaux de Vie !

Retrouvez Ã©galement l'Ã©pisode en replay sur le site d'Alsace 20 : https://bit.ly/2XFSWQY

Un partenariat Alsace20, Alsace Destination Tourisme - Pro, Visit Alsace et OLCAlsace
Un projet soutenu par : RÃ©gion Grand Est et Toute l'Alsace

#whis #acotedelaplaque #minisprochischbombisch",ğŸ™ƒâ¡ï¸,2021-10-25 11:32:13,208094739225344
4813532475348191,https://facebook.com/olcalsace/posts/4813532475348191,"Le nouveau FeriespÃ ss sur le thÃ¨me des super-hÃ©ros - dâ€™Superhelde - est disponible gratuitement sur notre plateforme #Lehre !
TÃ©lÃ©charger le FeriespÃ ss en couleur : https://bit.ly/3m4WGot
TÃ©lÃ©charger le FeriespÃ ss en NB : https://bit.ly/3jrxvuG

Dans ce numÃ©ro : confectionnez votre propre cape de super-hÃ©ros, Ã©laborez des petites bouchÃ©es en forme de coccinelles et dansez/chantez sur le titre ""Supermannala"" des Hopla Guys ! Nos activitÃ©s vous accompagnent pendant les vacances pour vous amuser en famille ! 

#elsassischischbombisch",ğŸ¦¸â€â™‚ï¸ğŸ¦¸â€â™€ï¸â¡ï¸â¡ï¸ğŸ˜‰,2021-10-22 14:00:04,208094739225344
4807231399311632,https://facebook.com/olcalsace/posts/4807231399311632,"[WÃ€S HESCH ÃŒM SCHÃŒLD ? / Ã€ CÃ”TÃ‰ DE LA PLAQUE !]

HÃ n Ã¬hr Ã m Friddi â€œWÃ s hesch Ã¬m SchÃ¬ldâ€ verpÃ sst? NÃ¬t schlÃ¬mm! 

Dans ce 35e Ã©pisode de â€œÃ€ coÌ‚teÌ de la plaque !â€, nous suivons BÃ©nÃ©dicte jusqu'Ã  la Ville de Marckolsheim (Grand Ried Tourisme) oÃ¹ nous dÃ©couvrons l'histoire de la rue du lavoir (WaschlÃ ch). Rue qui traverse l'Ischert, une riviÃ¨re qui prend sa source Ã  Artzenheim (Pays Rhin-Brisach), oÃ¹ les habitants venaient laver leur linge.

Ã€ ne pas manquer, le MÃ©morial-MusÃ©e de la ligne Maginot du Rhin qui rappelle la terrible Seconde Guerre Mondiale.
Non loin de lÃ  Ã©galement, vous pouvez visiter la chappelle de Mauchenheim, vestige d'un village qui n'existe plus aujourd'hui.
Et finalement, un peu plus au nord, Ã  Mackenheim, allez admirer la CathÃ©drale du Ried.

Retrouvez Ã©galement l'Ã©pisode en replay sur le site d'Alsace 20 : https://bit.ly/3BY0EFa

Un partenariat Alsace20, Alsace Destination Tourisme - Pro, Visit Alsace et OLCAlsace
Un projet soutenu par : RÃ©gion Grand Est et Toute l'Alsace

#whis #acotedelaplaque #elsassischischbombisch",ğŸ™ƒâ¡ï¸,2021-10-20 11:48:13,208094739225344
4801222179912554,https://facebook.com/olcalsace/posts/4801222179912554,"Ã‡a y est, on les connait !
Les laurÃ©ats de la 10e Ã©dition des Hopl'Awards ont Ã©tÃ© dÃ©voilÃ©s samedi 
Un grand bravo Ã  tous, et en particulier aux HÃ rzknÃ¼bbe de Schirrhein qui remportent le prix dans la catÃ©gorie Ãœss'm Elsass 

#elsassischischbombisch #hoplawards2021

HOPLAWARDS.FR
Hoplâ€™Awards 2021 : dÃ©couvrez les laurÃ©ats de cette Ã©dition - Hopl'Awards

Hopl'Awards
October 17, 2021 at 10:07 AM Â·

DÃ©couvrez les laurÃ©ats 2021",ğŸ¤©ğŸ‘âœ¨,2021-10-18 13:03:38,208094739225344
4782052285162877,https://facebook.com/olcalsace/posts/4782052285162877,"'s SprochÃ mt stellt Ã¬n! 

L'OLCA recrute un(e) chargÃ©(e) de mission polyvalent(e) dans le cadre dâ€™un remplacement. Le poste est Ã  pourvoir dÃ¨s que possible.

Vous avez la transmission de notre langue rÃ©gionale Ã  cÅ“ur ? Ce poste est pour vous !

Toutes les infos sur le poste par ici : https://bit.ly/3v2hIHo

#elsassischischbombisch #joboffer

OLCALSACE.ORG
Recherche ChargÃ©(e) de mission polyvalent(e) confirmÃ©(e) Petite enfance | www.OLCAlsace.org",ğŸ“¢â¡,2021-10-12 14:46:06,208094739225344
4778405138860925,https://facebook.com/olcalsace/posts/4778405138860925,"[WÃ€S HESCH ÃŒM SCHÃŒLD ? / Ã€ CÃ”TÃ‰ DE LA PLAQUE !]

HÃ n Ã¬hr Ã m Friddi â€œWÃ s hesch Ã¬m SchÃ¬ldâ€ verpÃ sst? NÃ¬t schlÃ¬mm! 

Dans ce 34e Ã©pisode de â€œÃ€ coÌ‚teÌ de la plaque !â€, nous suivons BÃ©nÃ©dicte qui nous amÃ¨ne Ã  Lampertsloch (Mairie de Lampertsloch), Ã  la dÃ©couverte de l'histoire de la route de Pechelbronn (AugÃ ss). Route qui nous conduit tout droit vers le chÃ¢teau Le Bel, occupÃ© par quatre gÃ©nÃ©rations de la mÃªme famille.

SituÃ© au pied du massif du Hochwald, le sentier historique de Lampertsloch vous propose diffÃ©rents circuits pour une Ã©chappÃ©e en pleine nature.

Profitez Ã©galement de votre passage pour faire une hale au MusÃ©e FranÃ§ais du PÃ©trole / Pechelbronn !

Retrouvez Ã©galement l'Ã©pisode en replay sur le site d'Alsace 20 : https://bit.ly/2WZ7SJC

Un partenariat Alsace20, Alsace Destination Tourisme - Pro, Visit Alsace et OLCAlsace
Un projet soutenu par : RÃ©gion Grand Est et Toute l'Alsace

#whis #acotedelaplaque #elsassischischbombisch",ğŸ™ƒâ¡ï¸,2021-10-11 12:04:17,208094739225344
4763372120364227,https://facebook.com/olcalsace/posts/4763372120364227,"[NÃ‰JICHKEIT / NOUVEAUTÃ‰]

L'OLCA publie une nouvelle compilation de chansons  pour les 0-2 ans intitulÃ©e ""LÃ¬edle fer jÃ¹ngi Ehrle"" (chansons pour petites oreilles en alsacien). Elle est disponible depuis ce matin sur YouTube et sur les plateformes de streaming musical. Plusieurs langues rÃ©gionales y sont reprÃ©sentÃ©es : l'#alsacien, le #platt, le #welche, le #yiddish et le #sinti.

On vous dit tout ici : https://bit.ly/3BiOF4G

DÃ©couvrez la compilation sur notre plateforme #Lehre : https://bit.ly/3DdPqwk

Merci Ã  tous les artistes qui ont travaillÃ© sur ce magnifique projet sous la houlette de Jean-FranÃ§ois Untrau et de MatsKat ! 
Evelyne Delacote, Di Mauro Swing jazz chant manouche, RenÃ© Egles, Nicolas Fischer, Isabelle Grussenmeyer, les Hopla Guys, MatsKat, Serge Rieger, Astrid Ruff, Schaukelperd, GaÃ«l Sieffert, ClÃ©mentine Trolong-Bailly, Charlotte VIX

#elsassischischbombisch #minisprochischbombisch",ğŸ¶â¡â¡â¤ï¸,2021-10-06 16:45:44,208094739225344
4757092760992163,https://facebook.com/olcalsace/posts/4757092760992163,"[WÃ€S HESCH ÃŒM SCHÃŒLD ? / Ã€ CÃ”TÃ‰ DE LA PLAQUE !]

HÃ n Ã¬hr Ã m Friddi â€œWÃ s hesch Ã¬m SchÃ¬ldâ€ verpÃ sst? NÃ¬t schlÃ¬mm! 

Dans ce 33e Ã©pisode de â€œÃ€ coÌ‚teÌ de la plaque !â€, notre pÃ©riple nous amÃ¨ne en Moselle, et plus prÃ©cisÃ©ment Ã  Ville de Sarreguemines (CommunautÃ© d'AgglomÃ©ration Sarreguemines Confluences). BÃ©nÃ©dicte et son invitÃ© SÃ©bastien Jung nous y racontent d'histoire de la rue de la Paix (Freschegass).

Ne manquez pas lors de votre sÃ©jour le MusÃ©e de la FaÃ¯ence, ou encore le Moulin de la Blies (MusÃ©es de Sarreguemines). Mais pour tout dÃ©couvrir, n'hÃ©sitez pas Ã  faire un tour Ã  l'Office de Tourisme Sarreguemines Confluences ! 

Retrouvez Ã©galement l'Ã©pisode en replay sur le site d'Alsace 20 : https://bit.ly/3Baq9m3

Un partenariat Alsace20, Alsace Destination Tourisme - Pro, Visit Alsace et OLCAlsace
Un projet soutenu par : RÃ©gion Grand Est et Toute l'Alsace

#whis #acotedelaplaque #elsassischischbombisch #minisprochischbombisch #platt",ğŸ™ƒğŸ˜‰â¡ï¸,2021-10-04 11:12:36,208094739225344
4737932906241482,https://facebook.com/olcalsace/posts/4737932906241482,"[WÃ€S HESCH ÃŒM SCHÃŒLD ? / Ã€ CÃ”TÃ‰ DE LA PLAQUE !]

HÃ n Ã¬hr Ã m Friddi â€œWÃ s hesch Ã¬m SchÃ¬ldâ€ verpÃ sst? NÃ¬t schlÃ¬mm! 

Dans ce 32e Ã©pisode de â€œÃ€ coÌ‚teÌ de la plaque !â€, nous faisons une halte Ã  Ville de Sierentz (Saint-Louis Agglo), oÃ¹ Elisa nous raconte l'histoire de l'AllÃ©e BuissonniÃ¨re (SchÃ¼elschwÃ¤nzergasslÃ©).

Si vous aimez la nature, faites donc un arrÃªt dans la RÃ©serve de la Petite Camargue Alsacienne situÃ©e Ã  Ville de Saint-Louis Alsace. Pour les fÃ©rus d'architecture, vous pourrez visiter l'Ã©glise octogonale d'Ottmarsheim (Mairie d'Ottmarsheim / Mulhouse Alsace AgglomÃ©ration - m2A). Pour vous dÃ©penser, profitez de la piste cyclable le long du canal au port de plaisance de Ville de Kembs.

Retrouvez Ã©galement l'Ã©pisode en replay sur le site d'Alsace 20 : https://bit.ly/2Y4Pvna

Un partenariat Alsace20, Alsace Destination Tourisme - Pro, Visit Alsace et OLCAlsace
Un projet soutenu par : RÃ©gion Grand Est, Toute l'Alsace

#whis #acotedelaplaque #elsassischischbombisch",ğŸ™ƒâ¡,2021-09-28 10:12:16,208094739225344
4718079321560174,https://facebook.com/olcalsace/posts/4718079321560174,"'s SprochÃ mt stellt Ã¬n! 

Recherche Assistant(e) cheffe de projet politique linguistique des territoires...
L'OLCA recrute un(e) agent de dÃ©veloppement linguistique pour participer Ã  la mise en Å“uvre des actions territorialisÃ©es.

Le poste est Ã  pourvoir au 1er octobre 2021 pour une durÃ©e de 2 mois et demi.

Toutes les infos sur le poste par ici : https://bit.ly/2XF14Ry

#elsassischischbombisch #joboffer",ğŸ“¢âš ï¸â¡,2021-09-22 11:36:00,208094739225344
4714850441883062,https://facebook.com/olcalsace/posts/4714850441883062,"[WÃ€S HESCH ÃŒM SCHÃŒLD ? / Ã€ CÃ”TÃ‰ DE LA PLAQUE !]

HÃ n Ã¬hr Ã m Friddi â€œWÃ s hesch Ã¬m SchÃ¬ldâ€ verpÃ sst? NÃ¬t schlÃ¬mm! 

Dans ce 31e Ã©pisode de â€œÃ€ coÌ‚teÌ de la plaque !â€, notre pÃ©riple nous amÃ¨ne Ã  Commune de Diemeringen en Alsace Bossue (CommunautÃ© de Communes de l'Alsace Bossue). BÃ©nÃ©dicte nous y raconte l'histoire de la rue des Potiers (HohlgÃ ss).

Non loin de lÃ , vous pouvez dÃ©couvrir la Grange aux Paysages Lorentzen, un centre d'initiation Ã  la nature et Ã  l'environnement, mais aussi CIP La Villa Ã  Dehlingen, un centre d'interprÃ©tation du patrimoine !

Retrouvez Ã©galement l'Ã©pisode en replay sur le site d'Alsace 20 : https://bit.ly/2XOwMMp

Un partenariat Alsace20, Alsace Destination Tourisme - Pro, Visit Alsace et OLCAlsace
Un projet soutenu par : RÃ©gion Grand Est, Toute l'Alsace

#whis #acotedelaplaque #elsassischischbombisch",ğŸ™ƒâ¡ï¸,2021-09-21 13:03:59,208094739225344
4680403105327796,https://facebook.com/olcalsace/posts/4680403105327796,"L'association Printemps de l'alsacien - Friehjohr rÃ©compensÃ©e !!

#elsassischischbombisch

Printemps de l'alsacien - Friehjohr is with Justin Vogel.
September 10, 2021 at 3:13 PM Â·

Lâ€™association E Friehjohr fer unseri Sproch Ã  lâ€™honneur !

Justin Vogel, prÃ©sident de lâ€™association du Friehjohr, sâ€™est vu remettre hier soir la mÃ©daille dâ€™honneur de la Regio Basiliensis pour son action en faveur de langue rÃ©gionale et de son rayonnement.

La cÃ©rÃ©monie a eu lieu lors de lâ€™AssemblÃ©e GÃ©nÃ©rale de la structure de coopÃ©ration transfrontaliÃ¨re en prÃ©sence de Raymond Bitsch, prÃ©sident dâ€™honneur et dâ€™Huguette Durr, Vice-PrÃ©sidente dâ€™honneur.

Câ€™est une reconnaissance pour notre association qui fÃ©dÃ¨re depuis 20 ans des acteurs culturels de tous horizons afin de cÃ©lÃ©brer notre langue rÃ©gionale.

Es dÃ¤t ke ""Friehjohr fer unseri Sproch"" gÃ¤nn ohne die gÃ nze FrÃ©iwilliche wie sich jede DÃ Ã  fer Ã¹nseri Sproch insetze. Vielmols merci 

#friehjohrferunserisproch #alsacien #elsassischischbombisch",ğŸ‘â¤ğŸ‰ğŸ¥‡ğŸ™‡â€â™€ï¸ğŸ™‡ğŸ™‡â€â™‚ï¸ğŸ‘ğŸ‘ğŸ‘,2021-09-10 19:31:42,208094739225344
4679423248759115,https://facebook.com/olcalsace/posts/4679423248759115,"DÃ¨s aujourd'hui et durant 3 jours, direction la ville de Mulhouse.fr pour la fÃªte ""Bienvenue au village, willkumma im Dorf !

Spectacles, gastronomie, artisanat... et bien sÃ»r langue rÃ©gionale... toutes les richesses de l'Alsace y sont rÃ©unies !

Petite sÃ©lection Ã  dÃ©couvrir Ã¹f Elsassisch :

> aujourd'hui Ã  18h : concert pop/rock de Gael Sieffert, gagnant de la 1ere Ã©dition du concours D'Stimme

> samedi 11 septembre :
-- Ã  14h : visite guidÃ©e en alsacien du centre historique (dÃ©part maison du Patrimoine)
-- Ã  15h et 17h : visite en alsacien du MusÃ©e historique
-- Ã  15 et 16h30 : spectacle bilingue jeune public ""ABC SÃ™PP, la soupe aux lettres"" dâ€™ Isabelle Grussenmeyer
-- dans l'Espace dÃ©gustations : fabrication et dÃ©gustation de Siasskass et animation en alsacien autour du fromage

> dimanche 12 septembre :
-- Ã  11h30 : visite guidÃ©e en alsacien du centre historique (dÃ©part maison du Patrimoine)
-- Ã  15h : visite en alsacien du MusÃ©e historique
-- dans l'Espace dÃ©gustations : fabrication et dÃ©gustation de Siasskass et animation en alsacien autour du fromage +
Dâ€™ Kochstund : dÃ©monstration culinaire en alsacien proposÃ© par Christine de la Winstub Henriette
-- Ã  17h : concert rock alsacien avec Les AssoiffÃ©s Ã  la DÃ©capole

Retrouvez Ã©galement l'OLCA sur le stand de l'Espace DankfÃ wrÃ¬k, place de la RÃ©union, toute la journÃ©e de samedi.

Le programme complet et les infos pratiques sont par ici

MULHOUSE.FR
Mulhouse, bienvenue au village ! | Ville de Mulhouse",ğŸ˜€ğŸ¥¨ğŸ‘‰ğŸ¤ğŸ‘§ğŸ§’ğŸ¸ğŸ‘‰â¤µï¸,2021-09-10 13:22:01,208094739225344
4676182255749881,https://facebook.com/olcalsace/posts/4676182255749881,"Es Ã¬sch eso wit: fer dâ€™nachscht ÃœssgÃ b vÃ¹n de Hopl'Awards derfe-n-Ã¬hr wÃ¬dder emol wÃ¤hle!

DÃ©couvrez vites les nominÃ©s de la catÃ©gorie ""Ãœssâ€™m Elsass"" :

- Association HÃ rzknÃ¼bbe de Schirrhein
- SummerLied - Le Tour
- Les AssoiffÃ©s
- Emission SÃ¹nndiâ€™s KÃ ter produite par Red Revolver et diffusÃ©e sur France 3 Alsace
- Association A livre ouvert / ein offenes Buch
- Exposition Â« Etes-vous alsacien ? Sinn er Elsasser Â» proposÃ©e par Les Ateliers de la Seigneurie

Vous avez jusqu'au 30 septembre pour voter !!

Les Hopl'awards sont organisÃ©s en partenariat avec l'OLCA.

#hoplawards2021 #elsassischischbombisch

Hopl'Awards
September 1, 2021 at 9:34 AM Â·

Les Hopl'Awards sont de retour ! Cette annÃ©e, ce sont 13 catÃ©gories qui mettent en lumiÃ¨re la vivacitÃ© et la richesse du monde culturel alsacien !
Le public a la possibilitÃ© de voter sur hoplawards.fr du 1er au 30 septembre dans les diffÃ©rentes catÃ©gories !
A vos votes pour vos acteurs culturels favoris !
Bit.ly/2Y6OHxE",ğŸ¤©â¡ğŸ‘‰ğŸ‘‰ğŸ¥³ğŸ‘‰,2021-09-09 12:33:00,208094739225344
4667067543328019,https://facebook.com/olcalsace/posts/4667067543328019,"[WÃ€S HESCH ÃŒM SCHÃŒLD ? / Ã€ CÃ”TÃ‰ DE LA PLAQUE !]

HÃ n Ã¬hr Ã m Friddi â€œWÃ s hesch Ã¬m SchÃ¬ldâ€ verpÃ sst ? NÃ¬t schlÃ¬mm ! 

DeuxiÃ¨me saison, nouveaux horizons... On reprend la route avec Elisa direction le pays welche et le village de L'actualitÃ© de FrÃ©land, dans la vallÃ©e de Kaysersberg... Comme dans dâ€™autres parties des Vosges alsaciennes et en Lorraine, on y parle une langue romane, le welche. Câ€™est donc en welche que notre guide Claude nous raconte lâ€™histoire de la rue de la Goutelle et nous livre ses anecdotes autour de lâ€™eauâ€¦ et de lâ€™eau de vie ! Un Ã©pisode qui nous donne Ã©galement lâ€™occasion de dÃ©couvrir la Maison du Pays Welche.

Retrouvez Ã©galement l'Ã©pisode en replay sur le site d'Alsace 20 : https://bit.ly/3jLWglK

Un partenariat Alsace20, Alsace Destination Tourisme - Pro, Visit Alsace et OLCAlsace.
Un projet soutenu par : RÃ©gion Grand Est, Toute l'Alsace

#whis #acotedelaplaque #elsassischischbombisch",ğŸ™ƒâ¡ï¸,2021-09-06 13:44:28,208094739225344
4630618546972919,https://facebook.com/olcalsace/posts/4630618546972919,"[WÃ€S HESCH ÃŒM SCHÃŒLD? / Ã€ CÃ”TÃ‰ DE LA PLAQUE !]

Ne ratez pas ce soir le lancement de la nouvelle saison de votre Ã©mission culturelle ""WÃ s hesch Ã¬m SchÃ¬ld / Ã€ cÃ´tÃ© de la plaque !"". On vous embarque sillonner les rues de notre rÃ©gion Ã  la dÃ©couverte des histoires de noms de rue, et ce jusqu'en Moselle et dans le pays Welche ! 

RDV ce soir Ã  19h25 sur Alsace20 !

Un partenariat Alsace20 , Alsace Destination Tourisme - Pro, Visit Alsace et l'#OLCA
Un projet soutenu par : RÃ©gion Grand Est, Toute l'Alsace

#whis #acotedelaplaque #elsassischischbombisch",ğŸ˜‰â¡,2021-09-03 10:00:50,208094739225344
4655243637843743,https://facebook.com/olcalsace/posts/4655243637843743,"[SO FRECH!]
Pour Mamema aussi, c'est la rentrÃ©e !
La plus dÃ©jantÃ©e des grands-mÃ¨res alsaciennes revient ce dimanche 5 septembre 2021 pour son rendez-vous bimensuel dans les pages des DerniÃ¨res Nouvelles d'Alsace - DNA. Tous aux kiosques !
Et pour fÃªter le 100e numÃ©ro de ses aventures paru en juin dernier, l'OLCA vous propose une compilation Ã  tÃ©lÃ©charger dÃ¨s maintenant sur son site :
https://www.olcalsace.org/fr/actualite/so-frech-la-rentree-de-mamema

#SoFrech #elsassischischbombisch",âœ’ï¸â¡ï¸,2021-09-02 18:12:54,208094739225344
4630584003643040,https://facebook.com/olcalsace/posts/4630584003643040,"[WÃ€S HESCH ÃŒM SCHÃŒLD? / Ã€ CÃ”TÃ‰ DE LA PLAQUE !]

Votre Ã©mission culturelle ""WÃ s hesch Ã¬m SchÃ¬ld / Ã€ cÃ´tÃ© de la plaque !"" signe son grand retour Ã  la rentrÃ©e ! On vous emmÃ¨ne Ã  nouveau sillonner les rues de notrePlus rÃ©gion Ã  la dÃ©couverte des histoires cachÃ©es derriÃ¨res les noms de rues ! 

Petite nouveautÃ©, nous vous emmÃ¨nerons Ã©galement en Moselle et dans le pays Welche tout en respectant le parler local !

En attendant, on vous partage quelques photos du tournage chez nos amis Welches !

RDV le vendredi 3 septembre Ã  19h25 sur Alsace20 pour le lancement de la nouvelle saison !

Un partenariat Alsace20, Alsace Destination Tourisme - Pro , Visit Alsace et l'#OLCA
Un projet soutenu par : RÃ©gion Grand Est, Toute l'Alsace

#whis #acotedelaplaque #elsassischischbombisch",ğŸ˜‰â¡ï¸,2021-08-27 16:30:15,208094739225344
4612402108794563,https://facebook.com/olcalsace/posts/4612402108794563,"[NL CONTEST 2021]

Cette annÃ©e encore, l'OLCA renouvelle son partenariat avec le NL Contest, le Festival International des Cultures Urbaines de Strasbourg.
Nous serons prÃ©sents sur un stand les 28 et 29 aoÃ»t ! 

Qui sera lÃ  ?! Wer kÃ¹mmt?! 

RDV les 27, 28 & 29 aoÃ»t !
Pour rÃ©server vos billets : bit.ly/billetterie_NL

NL Contest
19 aoÃ»t, 09:30 Â·

Dans quelques jours pour le NL Contest Qui sera lÃ  ? 
RDV le 27, 28 & 29 aoÃ»t ! bit.ly/billetterie_NL

Jennifer Lindini Photographe
NL Contest by Caisse dâ€™Epargne Grand Est Europe",ğŸ’ªğŸ‘€â¡ï¸ğŸ”¥ğŸ‘€â¡ï¸ğŸ“¸,2021-08-19 17:51:03,208094739225344
4584006461634128,https://facebook.com/olcalsace/posts/4584006461634128,"â€™s Ferieheft : le cahier de vacances pour sâ€™amuser Ã¹ff Elsassisch 

NÃ©s de la collaboration entre les l'OLCA et les DerniÃ¨res Nouvelles d'Alsace - DNA oÃ¹ vous retrouvez toutes les deux semaines les chroniquesPlus ""So frech"" dans l'Ã©dition du dimanche, nos cahiers de vacances vous permettent de jouer en #alsacien, en famille, et de rÃ©viser ou d'enrichir votre vocabulaire, tout en vous baladant au grÃ© des saisons Ã  travers la richesse de notre culture alsacienne ! 
Jeux de mots, devinettes, expressions, coloriages Ã¹n so wittersch, de 9 Ã  99 ans !

Tous nos Ferieheft sur notre plateforme #Lehre : https://bit.ly/3xDNbiC

#elsassischischbombisch",â˜€ï¸ğŸ‡®ğŸ‡©ğŸ¥¨â¡,2021-08-10 13:27:42,208094739225344
4572714526096655,https://facebook.com/olcalsace/posts/4572714526096655,"Visite guidÃ©e en #alsacien Ã  #Strasbourg : Zellemols Ã¬n de NÃ©istÃ dt!

OrganisÃ©e par Strasbourg Tourisme, cette visite historique revient sur la crÃ©ation-mÃªme de la Â« Nouvelle Ville Â».

- Ã€ partir du dimanche 8Plus aoÃ»t !
- DurÃ©e : 1h30
- RÃ©servations :
en ligne sur shop.visitstrasbourg.fr/
En boutique : 7j/7, de 9h Ã  19h

#elsassischischbombisch

DIM., 17 OCT. Ã€ 06:00 UNK
VISITE GUIDÃ‰E EN ALSACIENâ®Zellemols Ã¬n de NÃ©istÃ dt",ğŸ–¥ğŸ›,2021-08-06 18:35:44,208094739225344
4562632197104888,https://facebook.com/olcalsace/posts/4562632197104888,"[FERIESPÃ€SS]

Notre cahier d'activitÃ©s en #alsacien pour enfants sur le thÃ¨me de l'eau ('s WÃ sser) est toujours disponible ! 
Retrouvez d'ailleurs tous nos FeriespÃ ss sur notre plateforme #Lehre pour partager des moments en famille autour d'activitÃ©s ludiques http://bit.ly/39qDloC

#elsassischischbombisch",ğŸ’§â¡,2021-08-03 11:08:41,208094739225344
4548851995149575,https://facebook.com/olcalsace/posts/4548851995149575,"BÃ€BBELKÃ€PSEL

Lâ€™Alsace, sa route du vin, ses cÃ©pagesâ€¦
De la barrique (â€˜s DÃ¬ckfÃ ss) Ã  la bouteille Ã  long col (â€˜s LÃ nghalsel), on vous en dit un peu plus sur lâ€™art dâ€™Ã©lever et de dÃ©guster le vin Ã  travers sesPlus contenants (dâ€™ BehÃ¤lter).
Ã€ consommer avec modÃ©ration bien Ã©videmment ! 

Ã€ Ã©couter par ici : https://bit.ly/3771dhV

#elsassischischbombisch

BÃ bbelkÃ psel # 8 : Autour du vin
Lâ€™Alsace, sa route du vin, ses cÃ©pagesâ€¦ De la barrique ( â€˜s DÃ¬ckfÃ ss) Ã  la bouteille Ã  long col (â€˜s LÃ nghalsel), on vous en dit un peu plus sur lâ€™art dâ€™Ã©lever et de dÃ©guster le vin Ã  travers ses conte",ğŸ™ğŸ˜‰â¡,2021-07-29 17:08:59,208094739225344
4530862030281905,https://facebook.com/olcalsace/posts/4530862030281905,"BÃ€BBELKÃ€PSEL : LÃ ch dâ€™r e Scholle mÃ¬tem JoÃ«l Irion!

Et voici un nouveau #podcast humoristique en #alsacien Ã  Ã©couter par ici https://bit.ly/3x4vQPE

Merci Ã  Jojo LaKrenouille ! 

#elsassischischbombisch

BÃ bbelkÃ psel # 7 : Humour - LÃ ch dâ€™r e Scholle mÃ¬tem JoÃ«l Irion
Offrez-vous une petite cure de rire alsacien avec JoÃ«l Irion ! Auteur et comÃ©dien, il vous raconte ici ses histoires drÃ´les inspirÃ©es du quotidien et vous livre un vÃ©ritable antidote Ã  la morositÃ©.",ğŸ™â¡ï¸ğŸ˜‰,2021-07-23 14:50:25,208094739225344
4490397177661724,https://facebook.com/olcalsace/posts/4490397177661724,"WÃ s hesch g'sÃ Ã t?! 

""Im BierglÃ s versÃ¼ffe meh Ã ss im Meer.""

""Bien plus se noient dans un verre de biÃ¨re que dans la mer.""

L'#OLCA vous propose chaque semaine de dÃ©couvrir un dicton et/ou une expression enPlus langue rÃ©gionale et sa traduction !
Et vous, vous avez des expressions ou dictons prÃ©fÃ©rÃ©s que vous souhaiteriez entendre sur notre page 

PS : Nous vous rappelons bien Ã©videmment que l'alcool est Ã  consommer avec modÃ©ration ! 

On vous donne RDV la semaine prochaine ! #elsassischischbombisch",ğŸ“£ğŸ“£ğŸ“£â‰ï¸â‰ï¸ğŸ™ƒ,2021-07-12 17:00:01,208094739225344
4481849638516478,https://facebook.com/olcalsace/posts/4481849638516478,"Europa-Park Ã¬sch bombisch!

Dans le cadre de son partenariat en cours de dÃ©veloppement avec Europa-Park , l'OLCA met Ã  disposition ses t-shirts ""Elsassisch Ã¬sch bombisch"" dans la boutique de MadamePlus Freudenreich !

L'attraction de notre grand-mÃ¨re prÃ©fÃ©rÃ©e Ã©volue ! DÃ©couvrez sur l'Alpenexpress Coastiality la toute nouvelle expÃ©rience en VR : Madame Freudenreich - Course de dinos VR sur la plus connue des chansons alsaciennes !!! 
https://www.facebook.com/europaparkFRA/videos/3002220423395980

Madame Freudenreich vous rÃ©serve d'ailleurs d'autres belles surprises pour le mois de septembre !

#europapark #elsassischischbombisch",ğŸ”¥ğŸ¢ğŸ¦–ğŸ¦•â¡ğŸ˜‰,2021-07-06 16:34:47,208094739225344
4479281962106579,https://facebook.com/olcalsace/posts/4479281962106579,"WÃ s hesch g'sÃ Ã t?!

""Wenn m'r RÃ¼awa kocht soll d'r Fuchs d'r WÃ del drÃ¬wwer schleifa.""

""Quand on cuit des navets, le renard doit laisser traÃ®ner sa queue par-dessus.""

L'#OLCA vous propose chaque semaine dePlus dÃ©couvrir un dicton et/ou une expression en langue rÃ©gionale et sa traduction !
Et vous, vous avez des expressions ou dictons prÃ©fÃ©rÃ©s que vous souhaiteriez entendre sur notre page

On vous donne RDV la semaine prochaine ! #elsassischischbombisch",ğŸ“£ğŸ“£ğŸ“£â‰ï¸â‰ï¸,2021-07-05 18:04:39,208094739225344
4461759047192204,https://facebook.com/olcalsace/posts/4461759047192204,"[WÃ€S HESCH ÃŒM SCHÃŒLD ? Ã€ CÃ”TÃ‰ DE LA PLAQUE !]

L'ensemble des Ã©pisodes de l'Ã©mission ""WÃ s hesch Ã¬m SchÃ¬ld ?"" ou ""Ã€ cÃ´tÃ© de la plaque !"" sont Ã  retrouver sur notre chaÃ®ne YouTube !
Plushttps://www.youtube.com/watch?v=yJgZikZYnFY&list=PL4L9yWquJmbwmZdxwiLTlmFXOf9bX7Mdg

On vous emmÃ¨ne Ã  la dÃ©couverte de lâ€™histoire des noms des plaques de rue alsaciennes !

Ce projet a Ã©tÃ© rÃ©alisÃ© en partenariat avec Alsace20, Alsace Destination Tourisme - Pro, Visit Alsace, et l'OLCA.
Il est soutenu par : RÃ©gion Grand Est, Toute l'Alsace.

VidÃ©os : Maxime Breteau

#whis #acotedelaplaque #elsassischischbombisch

YOUTUBE.COM
WÃ s hesch Ã¬m SchÃ¬ld - Ã‰p. 01 : La rue de la NuÃ©e Bleue Ã  Strasbourg",â¡,2021-06-29 15:07:32,208094739225344
4459217990779643,https://facebook.com/olcalsace/posts/4459217990779643,"WÃ s hesch g'sÃ Ã t?!

""D' Mensche mÃ che de KÃ lender, de lÃ¬eb Gott Ã wwer mÃ cht 's Wetter""

""Les hommes font le calendrier, mais le bon Dieu, lui, fait le temps""

L'#OLCA vous propose chaque semaine de dÃ©couvrirPlus un dicton et/ou une expression en langue rÃ©gionale et sa traduction !
Et vous, vous avez des expressions ou dictons prÃ©fÃ©rÃ©s que vous souhaiteriez entendre sur notre page 

On vous donne RDV la semaine prochaine ! #elsassischischbombisch",ğŸ“£ğŸ“£ğŸ“£â‰ï¸â‰ï¸,2021-06-28 17:32:04,208094739225344
4444608692240573,https://facebook.com/olcalsace/posts/4444608692240573,"Avec Â« Lâ€™Ill aux trÃ©sors - dâ€™WÃ¹nderÃ¬nsel Ã¬n de Ill Â» MatsKat et sa bande vous proposent une aventure musicale autour des artistes qui ont fait battre le cÅ“ur de Strasbourg !

RDV demain jeudi juin Ã  h devant l'HÃ´tel de la CollectivitÃ© europÃ©enne d'Alsace Ã  Strasbourg - Place du Quartier Blanc

Cet Ã©vÃ©nement est organisÃ© en partenariat avec Les Alsaciens du Monde Ã  l'occasion de l'AlsaceFanDay 2021 !

Assoc'in JAZZ

#elsassischischbombisch

JEU., 24 JUIN
MatsKat : Lâ€™Ill aux trÃ©sors - dâ€™WÃ¹nderÃ¬nsel Ã¬n de Ill",ğŸ¶â¡2ï¸âƒ£4ï¸âƒ£2ï¸âƒ£1ï¸âƒ£,2021-06-23 15:16:39,208094739225344
4428734653827977,https://facebook.com/olcalsace/posts/4428734653827977,"Joyeuse fÃªte des pÃ¨res Ã  tous les papas ! On vous adore 
Ã€lles Guete zuem VÃ tterdoe!

#fetedesperes #elsassischischbombisch",â¤,2021-06-20 10:00:15,208094739225344
4428891290478980,https://facebook.com/olcalsace/posts/4428891290478980,"BÃ€BBELKÃ€PSEL : LÃ ch dâ€™r e Scholle mÃ¬tem JoÃ«l Irion!

Auteur et comÃ©dien, il vous raconte ici ses histoires drÃ´les inspirÃ©es du quotidien et vous livre un vÃ©ritable antidote Ã  la morositÃ©. Un florilÃ¨ge issu â€“Plus entre autres ! - de lâ€™ouvrage ""LÃ ch dâ€™r e Scholle mÃ®tâ€™em JoÃ«l Irion"" paru aux Editions du Signe.

Le 2e #podcast humoristique Ã  Ã©couter par ici https://bit.ly/3gEWyJX

Merci Ã  Jojo LaKrenouille ! 

#elsassischischbombisch

BÃ bbelkÃ psel # 5 : Humour - LÃ ch dâ€™r e Scholle mÃ¬tem JoÃ«l Irion
Offrez-vous une petite cure de rire alsacien avec JoÃ«l Irion ! Auteur et comÃ©dien, il vous raconte ici ses histoires drÃ´les inspirÃ©es du quotidien et vous livre un vÃ©ritable antidote Ã  la morositÃ©. U",ğŸ™â¡ï¸ğŸ˜‰,2021-06-18 17:00:27,208094739225344
4425489187485857,https://facebook.com/olcalsace/posts/4425489187485857,"[TOURNÃ‰E JEUNE PUBLIC]

Le jardin aux merveilles / De WÃ¹ndergÃ rte 
Freddy, qui a gardÃ© son Ã¢me d'enfant doit rÃ©aliser un jardin aux merveilles pour Monsieur Marcel. Mais pour quelles raisons ? Chut, c'est unPlus secret !

Infos pratiques :
MÃ©diathÃ¨que De Roeschwoog
le mercredi 23 juin Ã  15h
pour les enfants de 3 Ã  10 ans - public dialectophone ou non
spectacle gratuit
Inscription au 03.88.86.40.70 ou par mail : accueil@mediatheque-roeschwoog

Jean-pierre Albrecht

#elsassischischbombisch","ğŸŒºğŸŒ¸ğŸŒ¼ğŸ“ğŸ“…ğŸ‘¦âœ…â¡
",2021-06-16 15:01:36,208094739225344
4420597201308389,https://facebook.com/olcalsace/posts/4420597201308389,"WÃ s hesch g'sÃ Ã t?! 

""HÃ¤sch Durscht ? Schlupf Ã¬n a Wurscht !
HÃ¤sch Hunger ? Schlupf Ã¬n a GÃ gummer !
HÃ¤sch kÃ lt ? Schlupf Ã¬n a KÃ lb !
HÃ¤sch heiss ? Schlupf Ã¬n a Geiss !""

Cette semaine, nous vous laissons vousPlus faire votre propre opinion sur la signification de ce dicton en #alsacien un peu cocasse ! 

L'#OLCA vous propose chaque semaine de dÃ©couvrir un dicton et/ou une expression en langue rÃ©gionale et sa traduction !
Et vous, vous avez des expressions ou dictons prÃ©fÃ©rÃ©s que vous souhaiteriez entendre sur notre page 

On vous donne RDV la semaine prochaine ! #elsassischischbombisch",ğŸ“£ğŸ“£ğŸ“£ğŸ˜â‰ï¸â‰ï¸,2021-06-14 19:09:14,208094739225344
4409501935751249,https://facebook.com/olcalsace/posts/4409501935751249,"Les aventures du MÃ¤nnele - Im MÃ¤nnele sinni Erlebnisse : un nouvel album en alsacien pour les enfants !

On connaissait les albums de l'auteure et illustratrice Yolande Ruffenach-Jung en franÃ§ais. Les EditionsPlus Du Bastberg publient aujourd'hui un nouvel opus, traduit pour la premiÃ¨re fois en alsacien. Avec en bonus une version audio bilingue !

Yolande Ruffenach-Jung sera en dÃ©dicace samedi 12 juin 2021 de 10h Ã  17h Ã  la librairie Dinali - 102 Grand Rue Ã  Strasbourg

Toutes les infos par ici : https://bit.ly/3wfKsMo

#elsassischischbombisch",ğŸ“…â¡,2021-06-10 17:37:42,208094739225344
4400984156603027,https://facebook.com/olcalsace/posts/4400984156603027,"WÃ s hesch g'sÃ Ã t?! 

""Wenn mr hirot wurd mr gscholta, un wenn mr stÃ¬rbt wurd mr galobt.""

""Quand on se marie on se fait gronder, et quand on meurt on se fait louer.""

L'#OLCA vous propose chaque semaine dePlus dÃ©couvrir un dicton et/ou une expression en langue rÃ©gionale et sa traduction ! Cette semaine, on poursuit avec de l'#alsacien !
Et vous, vous avez des expressions ou dictons prÃ©fÃ©rÃ©s que vous souhaiteriez entendre sur notre page 

On vous donne RDV la semaine prochaine ! #elsassischischbombisch",ğŸ“£ğŸ“£ğŸ“£â‰ï¸â‰ï¸,2021-06-07 18:30:00,208094739225344
4391496667551776,https://facebook.com/olcalsace/posts/4391496667551776,"Schriwe â€™s Ã©ich Ã¹ff!

Ne manquez pas le showcase de Cynthia Colombo - Chanteuse, gagnante de la 4e Ã©dition du concours D'Stimme !

RDV le mardi 15 juin Ã  19h15 !

Vous pourrez suivre l'Ã©vÃ©nement en directPlus depuis la page Facebook de la Boutique Orange Strasbourg Kleber !

France Bleu Elsass France 3 Alsace

#elsassischischbombisch #dStimme #SaveTheDate

Boutique Orange Strasbourg Kleber
3 juin, 12:00 Â·

A vos agendas !
Retrouvez Cynthia Colombo - Chanteuse, la grande gagnante du concours de chanson en alsacien et en platt D'Stimme :

Mardi 15 juin Ã  19h15 en live sur la page de la Boutique OrangePlus Strasbourg Kleber

Et pour assister physiquement au show case, tentez de gagner votre place en taguant OLCAlsace , France Bleu Alsace, Boutique Orange Strasbourg Kleber, France Bleu Elsass et la personne qui vous accompagnera.
Ce jeu gratuit sans obligation d'achat est ouvert jusqu'au mercredi 9 juin 16h ! Viel GlÃ¬ck !",ğŸ˜‰ğŸ¤ğŸ†ğŸ“…ğŸ”´ğŸ“†ğŸ†ğŸ¤ğŸ«ğŸ€,2021-06-04 10:34:16,208094739225344
4380903181944458,https://facebook.com/olcalsace/posts/4380903181944458,"WÃ s hesch g'sÃ Ã t?! / Kau kâ€™ tâ€™Ã© di ? 

""FilÃ©r do sa, sâ€™a po do byÃ¨.""

""AraignÃ©e du soir annonce le beau temps.""

L'#OLCA vous propose chaque semaine de dÃ©couvrir un dicton et/ou une expression en languePlus rÃ©gionale et sa traduction ! Cette semaine, un peu de #welche !
Et vous, vous avez des expressions ou dictons prÃ©fÃ©rÃ©s que vous souhaiteriez entendre sur notre page 

On vous donne RDV la semaine prochaine ! #elsassischischbombisch",ğŸ“£ğŸ“£ğŸ“£â‰ï¸â‰ï¸,2021-05-31 19:09:44,208094739225344
4349259321775511,https://facebook.com/olcalsace/posts/4349259321775511,"Joyeuse fÃªte des mÃ¨res Ã  toutes les mamans ! On vous adore 
Ã€lles Guete zuem Mueterdoe!

#fetedesmeres #elsassischischbombisch",â¤,2021-05-30 10:00:01,208094739225344
4362272650474178,https://facebook.com/olcalsace/posts/4362272650474178,"[BÃ€BBELKÃ€PSEL]

Manger du pissenlit (Pissali) ? Mais quelle idÃ©e ! Et pourtant, les Alsaciens en raffolent !
Les beaux jours arrivant, câ€™est ensuite la saison des asperges (SpÃ richle) qui fait le bonheur desPlus gourmetsâ€¦ On vous explique tout sur ces spÃ©cificitÃ©s rÃ©gionales en moins de 3 minutesâ€¦

Par ici : https://soundcloud.com/olcalsace/babbelkapsel-4-specificites-culinaires-printanieres

#elsassischischbombisch

BÃ bbelkÃ psel # 4 : SpÃ©cificitÃ©s culinaires printaniÃ¨res
Manger du pissenlit (Pissali) ? Mais quelle idÃ©e ! Et pourtant, les Alsaciens en raffolent ! Les beaux jours arrivant, câ€™est ensuite la saison des asperges (SpÃ richle) qui fait le bonheur des gourmet","ğŸ™
",2021-05-25 17:30:29,208094739225344
4346374222064021,https://facebook.com/olcalsace/posts/4346374222064021,"BÃ€BBELKÃ€PSEL : les nouveaux podcasts de lâ€™OLCA !

Des histoires drÃ´les en #alsacien Ã  Ã©couter n'importe oÃ¹ et n'importe quand, mais aussi des Ã©missions sur des traditions ou spÃ©cificitÃ©s locales et leursPlus origines !
VoilÃ  ce qu'on vous raconte dans nos BÃ bbelkÃ psel !

Notre premier podcast humoristique par ici https://bit.ly/3fvhC3H

Un grand merci Ã  Jojo LaKrenouille ! 

#elsassischischbombisch

BÃ bbelkÃ psel # 3 : Humour - LÃ ch dâ€™r e Scholle mÃ¬tem JoÃ«l Irion
Offrez-vous une petite cure de rire alsacien avec JoÃ«l Irion ! Auteur et comÃ©dien, il vous raconte ici ses histoires drÃ´les inspirÃ©es du quotidien et vous livre un vÃ©ritable antidote Ã  la morositÃ©. U",ğŸ™â¡ï¸ğŸ˜‰,2021-05-20 14:16:28,208094739225344
4336487216386055,https://facebook.com/olcalsace/posts/4336487216386055,"WÃ s hesch g'sÃ Ã t?! 

""'s Gald regiart dâ€™Walt un dr Deifel dia Lit.""

""Lâ€™argent rÃ©git le monde et le diable les gens.""

L'#OLCA vous propose chaque semaine de dÃ©couvrir un dicton et/ou une expression en languePlus rÃ©gionale et sa traduction ! Cette semaine, on poursuit avec de l'alsacien !
Et vous, vous avez des expressions ou dictons prÃ©fÃ©rÃ©s que vous souhaiteriez entendre sur notre page

On vous donne RDV la semaine prochaine ! #elsassischischbombisch",ğŸ“£ğŸ“£ğŸ“£â‰ï¸â‰ï¸,2021-05-17 17:44:41,208094739225344
4327782420589868,https://facebook.com/olcalsace/posts/4327782420589868,"Ã™n d'GewÃ¬nnere Ã¬sch... Cynthia Colombo - Chanteuse !
Elle est la grande gagnante de la 4e Ã©dition D'Stimme ! Un grand bravo Ã  elle !

Bravo Ã©galement Ã  B drop et Ã  DelLlfyne pour leurs prestations incroyables !

#dStimme #elsassischischbombisch

D'Stimme
14 mai, 22:03 Â·

Vous l'avez plÃ©biscitÃ©e, Cynthia Colombo - Chanteuse est la gagnante de cette 4Ã¨me Ã©dition de d'StÃ¬mme 
Un grand bravo Ã  elle !

Bravo Ã©galement Ã  B drop et DelLlfyne qui arrivent respectivement deuxiÃ¨me et troisiÃ¨me !

Vous avez toutes les trois Ã©tÃ© fabuleuses ! 

#dStimme #elsassischischbombisch",ğŸ¥‡â¤ï¸,2021-05-14 22:15:10,208094739225344
4320535514647892,https://facebook.com/olcalsace/posts/4320535514647892,"Dans le cadre de l'exposition intitulÃ©e ""ÃŠtes-vous Alsacien ? Sinn Er Elsasser ?"", l'Ã©quipe de Les Ateliers de la Seigneurie propose une sÃ©rie de vidÃ©os thÃ©matiques autour de l'Alsace !

Retrouvez-les toutes sur : https://bit.ly/2SBZBZy

Les Ateliers de la Seigneurie
23 avril, 17:00 Â·

EXPOSITION l  C'est l'heure de notre rendez-vous hebdomadaire autour de notre exposition temporaire ""ÃŠtes-vous Alsacien ? Sinn Er Elsasser ?"" ! 

Aujourd'hui, c'est AurÃ©lie, notre mÃ©diatrice culturelle quiPlus vous prÃ©sente ces petites manies et habitudes bien connues des Alsaciens. Et vous, quelles sont les vÃ´tres ? Dites-nous en commentaire... 

Toute l'Ã©quipe des ateliers de la Seigneurie vous souhaite un bon week-end ! ",â¡ğŸ””ğŸ¥ğŸ˜‰ğŸ’¬ğŸŒ,2021-05-12 15:35:03,208094739225344
4314624528572324,https://facebook.com/olcalsace/posts/4314624528572324,"WÃ s hesch g'sÃ Ã t?! 

""Je meh d'MaikÃ¤fer verzehre,
Je meh d'Ernte wÃ¬rd bschere.""

""Plus les hannetons dÃ©vorent,
meilleure sera la moisson.""

L'#OLCA vous propose chaque semaine de dÃ©couvrir un dicton et/ou unePlus expression en langue rÃ©gionale et sa traduction ! Cette semaine, on est de retour avec de l'alsacien !
Et vous, vous avez des expressions ou dictons prÃ©fÃ©rÃ©s que vous souhaiteriez entendre sur notre page 

On vous donne RDV la semaine prochaine ! #elsassischischbombisch",ğŸ“£ğŸ“£ğŸ“£â‰ï¸â‰ï¸,2021-05-10 18:19:55,208094739225344
4301318346569609,https://facebook.com/olcalsace/posts/4301318346569609,"Un atelier pour apprendre Ã  Ã©crire l'alsacien : Ã¹ff Elsassisch schriwe!

L'UP Pamina VHS organise un atelier pour dÃ©couvrir la mÃ©thode ORTHAL le samedi 15 mai 2021 en visioconfÃ©rence. Il sera animÃ© par BÃ©nÃ©dictePlus Keck, chargÃ©e de mission Ã  l'OLCA.

Toutes les infos par ici : https://bit.ly/3nRArSe

On en profite pour vous annoncer le retour du guide ORTHAL sur notre boutique en ligne : https://bit.ly/3eQZSiE

#elsassischischbombisch

OLCALSACE.ORG
Un atelier pour apprendre Ã  Ã©crire l'alsacien | www.OLCAlsace.org",â¡âœ…,2021-05-06 16:26:14,208094739225344
4295033473864763,https://facebook.com/olcalsace/posts/4295033473864763,"Charlotte VIX et Gael Sieffert de retour sur la scÃ¨ne Ã  l'occasion de la Finale du concours d'StÃ¬mme (en ligne) !

#elsassischischbombisch #dStimme

D'Stimme
4 mai, 15:34 Â·

ÃŒsch 's Lawe nÃ¬t scheen?!

Ils sont nos invitÃ©s pour la finale de cette 4e Ã©dition du concours D'Stimme : Charlotte Vix, gagnante de la 3e Ã©dition, et GaÃ«l Sieffert, vainqueur de la 1e Ã©dition, seront Ã  nosPlus cÃ´tÃ©s le 14 mai prochain ! 

Cette finale s'annonce grandiose ! 

BenoÃ®t Linder / Laurent KhrÃ¢m Longvixay (LKL Prod - ""Reporter photographe & vidÃ©aste"")

#dStimme",ğŸ˜â¤ğŸ¤©ğŸ“¸,2021-05-04 16:38:05,208094739225344
4292070990827678,https://facebook.com/olcalsace/posts/4292070990827678,"WÃ s hesch g'sÃ Ã t?! / Kau kâ€™ tâ€™Ã© di ? 

""Kat Ã© nadj tsu lÃ© fouyat o futa, Ã© nadj ausi tsu o wÃ¨Ã±i.""

""Quand il neige sur les feuilles au printemps, il neige aussi dessus en automne.""

L'#OLCA vous propose chaquePlus semaine de dÃ©couvrir un dicton et/ou une expression en langue rÃ©gionale et sa traduction ! Cette semaine encore, on poursuit avec du #welche !
Et vous, vous avez des expressions ou dictons prÃ©fÃ©rÃ©s que vous souhaiteriez entendre sur notre page 

On vous donne RDV la semaine prochaine ! #elsassischischbombisch",ğŸ“£ğŸ“£ğŸ“£â‰ï¸â‰ï¸,2021-05-03 17:30:00,208094739225344
4220735737961204,https://facebook.com/olcalsace/posts/4220735737961204,"SÃ¹nndi's KÃ ter, c'est ton late show Ã  l'amÃ©ricaine 100% en #alsacien pour soigner ta gueule de bois du dimanche matin ! 

Dans cette Ã©mission signÃ©e Red Revolver et diffusÃ©e sur France 3 Alsace les dimanches Ã Plus 10h10 on retrouve : un animateur dÃ©calÃ©, des invitÃ©s fous, des parodies, des fake (fuchs) news, les meilleures insultes en alsacien et plein d'autres choses !

Retrouvez tous les Ã©pisodes sur : https://bit.ly/3lqnBIn

#elsassischischbombisch #sunndiskater

FRANCE3-REGIONS.FRANCETVINFO.FR
SÃ¹nndi's KÃ ter - France 3 Grand Est","ğŸ˜‰â¡
",2021-04-13 15:55:01,208094739225344
4228973833804061,https://facebook.com/olcalsace/posts/4228973833804061,"[WÃ€S HESCH ÃŒM SCHÃŒLD ? / Ã€ CÃ”TÃ‰ DE LA PLAQUE !]

HÃ n Ã¬hr Ã m Friddi â€œWÃ s hesch Ã¬m SchÃ¬ldâ€ verpÃ sst? NÃ¬t schlÃ¬mm! 

Dans ce 28e Ã©pisode de â€œÃ€ coÌ‚teÌ de la plaque !â€, Elisa nous emmÃ¨ne dans les rues de Bergheim, etPlus plus prÃ©cisemment sur la Place du Docteur Walter ! (Bergheim's news / CommunautÃ© de communes du Pays de RibeauvillÃ©)
On trouve Ã  Bergheim, citÃ© mÃ©diÃ©vale qui a autrefois accueilli des procÃ¨s de sorciÃ¨res, la Maisons des SorciÃ¨res (Haxahus), qui rend hommage Ã  toutes ces femmes exÃ©cutÃ©es.

Retrouvez Ã©galement l'Ã©pisode en replay sur le site d'Alsace 20 : https://bit.ly/2RsPXIh

""Ã€ cÃ´tÃ© de la plaque !"" marque une pause mais reviendra Ã  la rentrÃ©e avec de nouveaux Ã©pisodes ! ;)

Un partenariat Alsace20, Alsace Destination Tourisme - Pro, Visit Alsace et OLCAlsace
Un projet soutenu par : RÃ©gion Grand Est, Toute l'Alsace

#whis #acotedelaplaque #elsassischischbombisch","ğŸ™ƒâ¡ï¸
",2021-04-12 11:55:56,208094739225344
4219969814704463,https://facebook.com/olcalsace/posts/4219969814704463,"[REPLAY - FRIEHJOHR FER UNSERI SPROCH]

Revivez la soirÃ©e spectacle du Printemps de l'alsacien - Friehjohr en replay sur le site de France 3 Alsace !

Ã‡a se passe par ici : https://bit.ly/3d565bn

#friehjohrferunserisproch #elsassischischbombisch

Printemps de l'alsacien - Friehjohr
9 avril, 12:09 Â·

[REPLAY SPECTACLE DU FRIEHJOHR]

Vous avez loupÃ© la soirÃ©e du Friehjohr ou souhaitez la revoir ?! L'intÃ©gral du spectacle est disponible en replay sur le site de France 3 Alsace !

Ã‡a se passe par ici : Plushttps://bit.ly/3d565bn

#elsassischischbombisch #friehjohrferunserisproch

Laurent KhrÃ¢m Longvixay (LKL Prod - ""Reporter photographe & vidÃ©aste"")",â¡ï¸â¡ï¸ğŸ“¸,2021-04-09 12:12:18,208094739225344
4213639832004128,https://facebook.com/olcalsace/posts/4213639832004128,"Bombisch! 

HÃ rzknÃ¼bbe
6 avril, 14:36 Â·

Es geht loos !! Kumme uf Schirraan un entdecke d'ganz erschte Verschdeckle uf elsÃ ssisch
C'est parti, venez Ã  Schirrhein pour dÃ©couvrir les toutes premiÃ¨res gÃ©ocaches en alsacien. Un peu d'histoire de notrePlus village, des photos anciennes, des personnages qui ont marquÃ© la vie locale, des traditions tout en s'amusant.
Pour petits et grands, Ã  tous Ã¢ges, inscrivez-vous sur geocaching.com et c'est parti !!
Merci Ã  Alsace GÃ©ocaching pour leur soutien !!",ğŸ”¥,2021-04-07 13:51:05,208094739225344
4203539179680860,https://facebook.com/olcalsace/posts/4203539179680860,"WÃ s hesch g'sÃ Ã t?! / Kau kâ€™ tâ€™Ã© di ? 

""Byantch Paum, wach PÃ¨k.""

""Rameaux blancs, PÃ¢ques blanches.""

L'#OLCA vous propose chaque semaine de dÃ©couvrir un dicton et/ou une expression en langue rÃ©gionale et saPlus traduction ! Cette semaine encore, on poursuit avec du #welche !
Et vous, vous avez des expressions ou dictons prÃ©fÃ©rÃ©s que vous souhaiteriez entendre sur notre page 

On vous donne RDV la semaine prochaine ! #elsassischischbombisch","ğŸ“£ğŸ“£ğŸ“£â‰ï¸â‰ï¸
",2021-04-05 15:55:00,208094739225344
4203575093010602,https://facebook.com/olcalsace/posts/4203575093010602,"[WÃ€S HESCH ÃŒM SCHÃŒLD ? / Ã€ CÃ”TÃ‰ DE LA PLAQUE !]

HÃ n Ã¬hr Ã m Friddi â€œWÃ s hesch Ã¬m SchÃ¬ldâ€ verpÃ sst? NÃ¬t schlÃ¬mm! 

Dans ce 27e Ã©pisode de â€œÃ€ coÌ‚teÌ de la plaque !â€, BÃ©nÃ©dicte nous emmÃ¨ne Ã  Offwiller pourPlus dÃ©couvrir l'histoire des rues des Ormes et de la rue des Puits.
Ã€ cÃ´tÃ© se trouve le ChÃ¢teau de Lichtenberg qui vous offrira une vue imprenable sur les Vosges du Nord ! ;)

Retrouvez Ã©galement l'Ã©pisode en replay sur le site d'Alsace 20 : https://bit.ly/3sPPRZ3

Un partenariat Alsace20, Alsace Destination Tourisme - Pro, Visit Alsace et OLCAlsace
Un projet soutenu par : RÃ©gion Grand Est, Toute l'Alsace

#whis #acotedelaplaque #elsassischischbombisch",ğŸ™ƒâ¡ï¸,2021-04-04 12:26:33,208094739225344
4203464583021653,https://facebook.com/olcalsace/posts/4203464583021653,"[BÃ€BBELKÃ€PSEL]

Scheeni Oschtere!

Le jour de PÃ¢ques, en Alsace, on chasse le lapin (OschterhÃ s), qui, câ€™est bien connu, ramÃ¨ne des Å“ufs (Ã‹ier) ! Mais dâ€™oÃ¹ vient cette tradition du dimanche de PÃ¢quesPlus (OschtersÃ¹nndi) ? Et celle du biscuit en forme dâ€™agneau (Lammele) ?
On vous raconte tout dans notre #podcast !

Ã€ Ã©couter par ici : https://bit.ly/2R7s48X

#elsassischischbombisch #paques2021

BÃ bbelkÃ psel # 2 : Les traditions de PÃ¢ques â€“ lapin, agneau et Å“ufs
Le jour de PÃ¢ques, en Alsace, on chasse le lapin (OschterhÃ s), qui, câ€™est bien connu, ramÃ¨ne des Å“ufs (Ã‹ier) ! Mais dâ€™oÃ¹ vient cette tradition du dimanche de PÃ¢ques (OschtersÃ¹nndi) ? Et celle du biscu",ğŸ™ğŸ°ğŸ£â¡,2021-04-04 11:30:12,208094739225344
4195108477190597,https://facebook.com/olcalsace/posts/4195108477190597,"[BÃ€BBELKÃ€PSEL] 

Ã€ l'occasion du jeudi-saint (GrÃ¬endÃ¹ngerschdi), nous vous proposons de dÃ©couvrir un #podcast sur les traditions alsaciennes de la semaine prÃ©cÃ©dent PÃ¢ques (KÃ rwÃ¹ch). On vous parle notamment duPlus fameux ""OschterpÃ¹tz"" (nettoyage de printemps).

Ã€ Ã©couter par ici : https://bit.ly/3cIbLI1

#elsassischischbombisch #paques2021

BÃ bbelkÃ psel # 1 : Avant PÃ¢ques â€“ les traditions de la Semaine Sainte
On vous explique (presque) tout sur les traditions liÃ©es aux prÃ©paratifs de PÃ¢ques en Alsace : que fait-on la semaine prÃ©cÃ©dant le dimanche de PÃ¢ques (KÃ rwÃ¹ch) ? Pourquoi se lance-t-on dans un grand n","ğŸ™â¡
",2021-04-01 18:24:48,208094739225344
4186205574747554,https://facebook.com/olcalsace/posts/4186205574747554,"WÃ s hesch g'sÃ Ã t?! / Kau kâ€™ tâ€™Ã© di ?

""Fau Ã©yt mou tcharaÃ± po nâ€™mi djoyi dâ€™permat.""

""Il faut Ãªtre bien fainÃ©ant pour ne pas rÃ©ussir Ã  promettre.""

L'#OLCA vous propose chaque semaine de dÃ©couvrir un dictonPlus et/ou une expression en langue rÃ©gionale et sa traduction ! Et cette semaine, on poursuit avec du #welche !
Et vous, vous avez des expressions ou dictons prÃ©fÃ©rÃ©s que vous souhaiteriez entendre sur notre page 

On vous donne RDV la semaine prochaine ! #elsassischischbombisch",ğŸ“£ğŸ“£ğŸ“£â‰ï¸â‰ï¸,2021-03-29 18:30:00,208094739225344
4185219778179467,https://facebook.com/olcalsace/posts/4185219778179467,"[WÃ€S HESCH ÃŒM SCHÃŒLD ? / Ã€ CÃ”TÃ‰ DE LA PLAQUE !]

HÃ n Ã¬hr Ã m Friddi â€œWÃ s hesch Ã¬m SchÃ¬ldâ€ verpÃ sst? NÃ¬t schlÃ¬mm!

Dans ce 26e Ã©pisode de â€œÃ€ coÌ‚teÌ de la plaque !â€, Elisa nous emmÃ¨ne dans les rues de la Ville dePlus Colmar (Colmar Tourisme), Ã  la dÃ©couverte de la rue Berthe Molly, qui doit son nom en alsacien ""JudegÃ ss"" Ã  la population juive qui la peuplait au 14e siÃ¨cle.
Lors de votre passage Ã  Colmar, n'hÃ©sitez pas Ã  faire un arrÃªt au MusÃ©e Unterlinden ! :)

Retrouvez Ã©galement l'Ã©pisode en replay sur le site d'Alsace 20 : https://bit.ly/2PfX1an

Un partenariat Alsace20, Alsace Destination Tourisme - Pro, Visit Alsace et OLCAlsace
Un projet soutenu par : RÃ©gion Grand Est, Toute l'Alsace

#whis #acotedelaplaque #elsassischischbombisch",ğŸ™ƒâ¡ï¸,2021-03-29 11:24:43,208094739225344
4175252225842889,https://facebook.com/olcalsace/posts/4175252225842889,"La Ville de SÃ©lestat propose cette annÃ©e son traditionnel rendez-vous dialectal dans le cadre du Printemps de l'alsacien - Friehjohr !

Ne manquez pas le lancement officiel de cette opÃ©ration ce dimanche 28Plus mars Ã  17h sur leur page Facebook !

DÃ©couvrez le programme complet sur : https://www.selestat.fr/.../e-friehjohr-fer-unseri-sproch...

#elsassischischbombisch #friehjohrferunserisproch

Ville de SÃ©lestat
24 mars, 18:00 Â·

Le traditionnel rendez-vous du dialectal sÃ©lestadien Ã©tait programmÃ© le dimanche 28 mars 2021 aux Tanzmatten dans le cadre de lâ€™opÃ©ration rÃ©gionale Â« E Friehjohr fer unseri Sproch â€“ Un printemps pour notrePlus langue Â».
MalgrÃ© la volontÃ© forte de maintenir ce rendez-vous sous son format initial, il a Ã©tÃ© dÃ©cidÃ© de lâ€™organiser sous une autre formule, adaptÃ©e Ã  la situation sanitaire

Retrouvez-nous ce dimanche Ã  17h pour le lancement officiel de l'opÃ©ration en direct sur notre page Facebook

DÃ©couvrir le programme : https://www.selestat.fr/agenda/2021/mars/e-friehjohr-fer-unseri-sproch-un-printemps-pour-notre-langue.html",ğŸ“†â¡ï¸âœ…ğŸ“†â¡ï¸,2021-03-26 12:33:56,208094739225344
4163256073709171,https://facebook.com/olcalsace/posts/4163256073709171,"WÃ s hesch g'sÃ Ã t?! / Kau kâ€™ tâ€™Ã© di ?

""Kat on-n-oy lÃ¨ swat, on-n-Ã¨rÃ© dâ€™lâ€™aut tÃ´.""

""Quand on entend la chouette, on aura de lâ€™autre temps.""

L'#OLCA vous propose chaque semaine de dÃ©couvrir un dicton et/ou unePlus expression en langue rÃ©gionale et sa traduction ! Et cette semaine, on poursuit avec du #welche !
Et vous, vous avez des expressions ou dictons prÃ©fÃ©rÃ©s que vous souhaiteriez entendre sur notre page 

On vous donne RDV la semaine prochaine ! #elsassischischbombisch",ğŸ“£ğŸ“£ğŸ“£â‰ï¸â‰ï¸,2021-03-22 17:30:00,208094739225344
4162341177133994,https://facebook.com/olcalsace/posts/4162341177133994,"[WÃ€S HESCH ÃŒM SCHÃŒLD ? / Ã€ CÃ”TÃ‰ DE LA PLAQUE !]

HÃ n Ã¬hr Ã m Friddi â€œWÃ s hesch Ã¬m SchÃ¬ldâ€ verpÃ sst? NÃ¬t schlÃ¬mm!

Dans ce 25e Ã©pisode de â€œÃ€ coÌ‚teÌ de la plaque !â€, BÃ©nÃ©dicte nous emmÃ¨ne une nouvelle fois Ã Plus Strasbourg (Strasbourg.eu), pour nous parler cette fois-ci, de la rue de la Demi-Lune.
Non loin de lÃ  se trouve le MusÃ©e Alsacien de la Ville de Strasbourg - officiel (MusÃ©es de la Ville de Strasbourg (officiel)), un lieu magnifique et pittoresque dans une architecture traditionnelle.

Retrouvez Ã©galement l'Ã©pisode en replay sur le site d'Alsace 20 : http://bit.ly/3f1FwF8

Un partenariat Alsace20, Alsace Destination Tourisme - Pro, Visit Alsace et OLCAlsace
Un projet soutenu par : RÃ©gion Grand Est, Toute l'Alsace

#whis #acotedelaplaque #elsassischischbombisch",ğŸ™ƒâ¡ï¸,2021-03-22 11:55:10,208094739225344
4157982907569821,https://facebook.com/olcalsace/posts/4157982907569821,"H-3 avant la diffusion de la soirÃ©e festive du Printemps de l'alsacien - Friehjohr ! 

Ce soir on rit, on danse, on chante avec le spectacle ""ÃŒch bekÃ¹mm a Ã€ff"" de Christophe Voltz et GaÃ«l Sieffert et le concertPlus des Hopla Guys ! Sans oublier nos animateurs Bruno DreyfÃ¼rst et ClÃ©ment Dorffer ! 

Rendez-vous ce soir Ã  20h sur : https://bit.ly/317nQ2F

Avec nos partenaires : Printemps de l'alsacien - Friehjohr, Ville de Brumath, RÃ©gion Grand Est, Toute l'Alsace, CrÃ©dit Mutuel, France 3 Alsace, KAPTA PROD

Laurent KhrÃ¢m Longvixay (LKL Prod - ""Reporter photographe & vidÃ©aste"")

#elsassischischbombisch #friehjohrferunserisproch",ğŸ˜ğŸ˜‰ğŸ”œğŸ“¸,2021-03-20 17:00:01,208094739225344
4148393925195386,https://facebook.com/olcalsace/posts/4148393925195386,"Salut bisÃ mme!

Christophe Voltz et GaÃ«l Sieffert vous donnent rendez-vous le samedi mars 2021 Ã  20h pour le spectacle Printemps de l'alsacien - Friehjohr !

Il sera diffusÃ© sur le site internet de PlusFrance 3 Alsace https://bit.ly/3rxw8Nf

Un petit rappel du programme :
- Le spectacle humoristique et musical Â« ÃŒch bekÃ¹mm a Ã€ff Â» de Christophe Voltz accompagnÃ© de GaÃ«l Sieffert 
- Un concert enflammÃ© des Hopla Guys 
Le tout animÃ© par Bruno DreyfÃ¼rst et ClÃ©ment Dorffer !

Avec le soutien de nos partenaires : Printemps de l'alsacien - Friehjohr, Ville de Brumath, RÃ©gion Grand Est, Toute l'Alsace, CrÃ©dit Mutuel, France 3 Alsace, KAPTA PROD

#elsassischischbombisch #friehjohrferunserisproch",ğŸ™ƒ2ï¸âƒ£0ï¸âƒ£â¡ğŸ™ŠğŸ¶,2021-03-17 11:12:36,208094739225344
4143130282388417,https://facebook.com/olcalsace/posts/4143130282388417,"[WÃ€S HESCH ÃŒM SCHÃŒLD ? / Ã€ CÃ”TÃ‰ DE LA PLAQUE !]

HÃ n Ã¬hr Ã m Friddi â€œWÃ s hesch Ã¬m SchÃ¬ldâ€ verpÃ sst? NÃ¬t schlÃ¬mm! 

Dans ce 24e Ã©pisode de â€œÃ€ coÌ‚teÌ de la plaque !â€, Elisa nous emmÃ¨ne Ã  Wattwiller pour nous fairePlus dÃ©couvrir l'histoire de la rue du Molkenrain. C'est bien Ã©videmment dans cette commune que la fameuse eau du mÃªme nom puise sa source ! (Eau MinÃ©rale de Wattwiller)
AprÃ¨s vous Ãªtre dÃ©saltÃ©rÃ©, vous pourrez dÃ©couvrir la Fondation FranÃ§ois Schneider - Centre d'art ou encore le Monument National du Hartmannswillerkopf (Historial franco-allemand du Hartmannswillerkopf).

Retrouvez Ã©galement l'Ã©pisode en replay sur le site d'Alsace 20 : http://bit.ly/3cDF0KG

Un partenariat Alsace20, Alsace Destination Tourisme - Pro, Visit Alsace et OLCAlsace
Un projet soutenu par : RÃ©gion Grand Est, Toute l'Alsace

#whis #acotedelaplaque #elsassischischbombisch",ğŸ™ƒâ¡ï¸,2021-03-15 19:05:51,208094739225344
4134924423209003,https://facebook.com/olcalsace/posts/4134924423209003,"WÃ s hesch g'sÃ Ã t?! / Kau kâ€™ tâ€™Ã© di ?

""Tonn-te hau, tonn-te bÃ¨, sa tchÃ¨yndj mi.""

""Tourne-toi vers le haut, tourne-toi vers le bas, Ã§a ne change pas.""

Les expressions sont de retour Ã  l'#OLCA et on vousPlus proposera dorÃ©navant davantage de langues de notre rÃ©gion. On dÃ©marre cette nouvelle saison avec du #welche !

Et vous, vous avez des expressions ou dictons prÃ©fÃ©rÃ©s que vous souhaiteriez entendre sur notre page 

On vous donne RDV la semaine prochaine ! #elsassischischbombisch",ğŸ“£ğŸ“£ğŸ“£â‰ï¸â‰ï¸,2021-03-15 15:55:00,208094739225344
4134768886557890,https://facebook.com/olcalsace/posts/4134768886557890,"Dans le cadre du Printemps de l'alsacien - Friehjohr, l'association A livre ouvert / ein offenes Buch, en partenariat avec la Librairie KlÃ©ber Salle Blanche et OLCAlsace, organise une conversation autour duPlus livre Â« Une histoire des langues de lâ€™Alsace Â», paru aux Ã©ditions de la NuÃ©e Bleue en 2015, en prÃ©sence de Dominique Huck, son auteur.

Lâ€™occasion de dÃ©couvrir lâ€™histoire, mais aussi et surtout lâ€™actualitÃ© vivante de la transmission de notre langue de cÅ“ur.
La conversation sera animÃ©e par Mathilde Reumaux, directrice des Ã©ditions de la NuÃ©e Bleue.

Une lecture en musique de quelques textes savoureux de Gustave Stoskopf, par Alexandre Sigrist et Aline Martin, accompagnÃ©s en chanson par Laurence Bergmiller et Alain Heilbronn Ã  lâ€™accordÃ©on.

Facebook Live le samedi 20 mars Ã  14h30

#elsassischischbombisch

SAM., 20 MARS
E Friehjohr fir Ã¹nseri Sproch #live Facebook","ğŸ”µ
",2021-03-12 15:47:59,208094739225344
4128965763804869,https://facebook.com/olcalsace/posts/4128965763804869,"Salut bisÃ mme! 

Les Hopla Guys vous donnent rendez-vous le samedi mars 2021 Ã  20h pour le spectacle du Printemps de l'alsacien - Friehjohr !

Il sera diffusÃ© sur le site internet de France 3 Alsace Plushttps://bit.ly/3rxw8Nf

Un petit rappel du programme :
- Le spectacle humoristique et musical Â« ÃŒch bekÃ¹mm a Ã€ff Â» de Christophe Voltz accompagnÃ© de GaÃ«l Sieffert 
- Un concert enflammÃ© des Hopla Guys 
Le tout animÃ© par Bruno DreyfÃ¼rst et ClÃ©ment Dorffer !

Avec le soutien de nos partenaires : Printemps de l'alsacien - Friehjohr, Ville de Brumath, RÃ©gion Grand Est, Toute l'Alsace, CrÃ©dit Mutuel, France 3 Alsace, KAPTA PROD

#elsassischischbombisch #friehjohrferunserisproch",ğŸ™ƒ2ï¸âƒ£0ï¸âƒ£â¡ğŸ™ŠğŸ¶,2021-03-10 16:00:01,208094739225344
4126927730675339,https://facebook.com/olcalsace/posts/4126927730675339,"[WÃ€S HESCH ÃŒM SCHÃŒLD ? / Ã€ CÃ”TÃ‰ DE LA PLAQUE !]

HÃ n Ã¬hr Ã m Friddi â€œWÃ s hesch Ã¬m SchÃ¬ldâ€ verpÃ sst? NÃ¬t schlÃ¬mm! 

Dans ce 23e Ã©pisode de â€œÃ€ coÌ‚teÌ de la plaque !â€, direction Ville d'Obernai (Tourisme Obernai / PlusCommunautÃ© de Communes du Pays de Sainte Odile) oÃ¹ BÃ©nÃ©dicte nous raconte l'histoire de la rue de Sainte-Odile, sur les traces de la Sainte Patronne d'Alsace.
C'est l'occasion Ã©galement de faire un saut au Mont Sainte-Odile (Mont Sainte-Odile Tourisme) pour un moment de calme dans la nature ou pour une retraite plus spirituelle (Sanctuaire du Mont Sainte-Odile) !

Retrouvez Ã©galement l'Ã©pisode en replay sur le site d'Alsace 20 : http://bit.ly/3vbR0vk

Un partenariat Alsace20,Alsace Destination Tourisme - Pro, Visit Alsace et OLCAlsace
Un projet soutenu par : RÃ©gion Grand Est, Toute l'Alsace

#whis #acotedelaplaque #elsassischischbombisch",ğŸ™ƒâ¡ï¸,2021-03-09 18:41:56,208094739225344
4123964754304970,https://facebook.com/olcalsace/posts/4123964754304970,"Le Friehjohr dÃ©barque dans votre salon !

Ne ratez pas la soirÃ©e festive du Friehjohr fer unseri Sproch Ã  suivre en ligne !

Le spectacle sera diffusÃ© le samedi 20 mars 2021 Ã  20h sur le site internet dePlus France 3 Grand Est https://bit.ly/3rxw8Nf

Au programme :
- Le spectacle humoristique et musical Â« ÃŒch bekÃ¹mm a Ã€ff Â» de Christophe Voltz accompagnÃ© de GaÃ«l Sieffert 
- Un concert des Hopla Guys 
Le tout animÃ© par Bruno DreyfÃ¼rst et ClÃ©ment Dorffer !

Toutes les infos sur : http://bit.ly/3v5sRqs

Avec le soutien de nos partenaires : Printemps de l'alsacien - Friehjohr, Ville de Brumath, RÃ©gion Grand Est, Toute l'Alsace, CrÃ©dit Mutuel, France 3 Alsace, KAPTA PROD

#elsassischischbombisch #friehjohrferunserisproch","ğŸ“ºğŸ“†â¡ï¸ğŸ™ŠğŸ¶â¡ï¸
",2021-03-08 16:55:24,208094739225344
4123944554306990,https://facebook.com/olcalsace/posts/4123944554306990,"Le Friehjohr dÃ©barque dans votre salon !

Ne ratez pas la soirÃ©e festive du Friehjohr fer unseri Sproch Ã  suivre en ligne !

Le spectacle sera diffusÃ© le samedi 20 mars 2021 Ã  20h sur le site internet dePlus France 3 Grand Est https://bit.ly/3rxw8Nf

Au programme :
- Le spectacle humoristique et musical Â« ÃŒch bekÃ¹mm a Ã€ff Â» de Christophe Voltz accompagnÃ© de GaÃ«l Sieffert 
- Un concert des Hopla Guys 
Le tout animÃ© par Bruno DreyfÃ¼rst et ClÃ©ment Dorffer !

Toutes les infos sur : http://bit.ly/3v5sRqs

Avec le soutien de nos partenaires : Printemps de l'alsacien - Friehjohr, Ville de Brumath, RÃ©gion Grand Est, Toute l'Alsace, CrÃ©dit Mutuel, France 3 Alsace, KAPTA PROD

#elsassischischbombisch #friehjohrferunserisproch",ğŸ“ºğŸ“†â¡ï¸ğŸ™ŠğŸ¶â¡ï¸,2021-03-08 16:48:07,208094739225344
4112756792092433,https://facebook.com/olcalsace/posts/4112756792092433,"[KUMM, LOOS A MOL!]

C'est l'Ã©mission mensuelle en langue rÃ©gionale sur Radio Quetsch, animÃ©e par VÃ©ronique Ueberschlag et Fabienne Richard, animatrices en langue rÃ©gionale de Saint-Louis Agglo !
CettePlus semaine, elles parleront un peu du Printemps de l'alsacien - Friehjohr !

RDV jeudi 04/03 et dimanche 07/03 Ã  18h !

Pour Ã©couter et rÃ©Ã©couter les Ã©missions câ€™est par lÃ  que Ã§a se passe : https://radio-quetsch.eu/kumm-loos-a-mol/

#SLA #SaintLouisAgglo #SaintLouis #RadioQuetsch #Sundgau #Alsace #Alsacien #elsassischischbombisch",ğŸ¥¨ğŸ˜‰ğŸ“†ğŸ”Š,2021-03-04 11:55:00,208094739225344
4108091042559008,https://facebook.com/olcalsace/posts/4108091042559008,"""LÃ¬edle zuem TrÃ¤ime"", des berceuses en #alsacien sur YouTube

La compilation de berceuses ""LÃ¬edle zuem TrÃ¤ime"" est dÃ©sormais disponible en streaming sur la chaÃ®ne YouTube de l'OLCA !
Ã€ Ã©couter par ici : Plushttps://bit.ly/3aQeFJQ

Elle est accessible depuis n'importe quel appareil connectÃ©, quel que soit l'endroit et le moment de la journÃ©e !
Les paroles et leur traduction sont disponibles sous chacune des vidÃ©os et vous pouvez mÃªme afficher les sous-titres pour un moment de partage avec vos enfants ! 

#elsassischischbombisch #musique",ğŸ¶â¡ï¸ğŸ˜,2021-03-02 16:50:00,208094739225344
4105198899514889,https://facebook.com/olcalsace/posts/4105198899514889,"[WÃ€S HESCH ÃŒM SCHÃŒLD ? / Ã€ CÃ”TÃ‰ DE LA PLAQUE !]

HÃ n Ã¬hr Ã m Friddi â€œWÃ s hesch Ã¬m SchÃ¬ldâ€ verpÃ sst? NÃ¬t schlÃ¬mm!

Dans ce 22e Ã©pisode de â€œÃ€ coÌ‚teÌ de la plaque !â€, direction Kaysersberg (La VallÃ©e de KaysersbergPlus, CommunautÃ© de Communes de la VallÃ©e de Kaysersberg), Ã©lu ""Village prÃ©fÃ©rÃ© des FranÃ§ais"" en 2017 ! (Les PrÃ©fÃ©rÃ©s des FranÃ§ais)
Enfilez votre plus beau maillot car Elisa nous emmÃ¨ne dans la rue des Bains pour nous en raconter l'histoire !

Retrouvez Ã©galement l'Ã©pisode en replay sur le site d'Alsace 20 : http://bit.ly/3uKtANq

Un partenariat Alsace20, Alsace Destination Tourisme - Pro, Visit Alsace et OLCAlsace
Un projet soutenu par : RÃ©gion Grand Est, Toute l'Alsace

#whis #acotedelaplaque #elsassischischbombisch",ğŸ™ƒğŸ’¦â¡ï¸,2021-03-01 13:06:34,208094739225344
4078246765543436,https://facebook.com/olcalsace/posts/4078246765543436,"[WÃ€S HESCH ÃŒM SCHÃŒLD ? / Ã€ CÃ”TÃ‰ DE LA PLAQUE !]

HÃ n Ã¬hr Ã m Friddi â€œWÃ s hesch Ã¬m SchÃ¬ldâ€ verpÃ sst? NÃ¬t schlÃ¬mm!

Dans ce vingt-et-uniÃ¨me Ã©pisode de â€œÃ€ coÌ‚teÌ de la plaque !â€, direction Ville de Marlenheim (PlusOffice de Tourisme Mossig et Vignoble), Ã  la porte nord de la Route des Vins. BÃ©nÃ©dicte nous y raconte l'histoire de la Place du Kaufhaus.
Marlenheim est Ã©galement la maison de certains vignerons reconnus comme Vins d'Alsace Mosbach, Arthur Metz ou Domaine Fritsch.

Retrouvez Ã©galement l'Ã©pisode en replay sur le site d'Alsace 20 : http://bit.ly/2ZR0G0d

Un partenariat Alsace20, Alsace Destination Tourisme - Pro, Visit Alsace et OLCAlsace
Un projet soutenu par : RÃ©gion Grand Est, Toute l'Alsace

#whis #acotedelaplaque #elsassischischbombisch",ğŸ™ƒâ¡ï¸,2021-02-22 11:55:16,208094739225344
4068911133143666,https://facebook.com/olcalsace/posts/4068911133143666,"Le concours D'Stimme a repris son cours en ce dÃ©but de semaine avec l'annonce des 5 demi-finalistes !

Lâ€™Å“il des camÃ©ras nous emmÃ¨ne dans les coulisses du concours pour en dÃ©couvrir davantage sur sonPlus dÃ©roulement et les candidats encore en lice !

Vous pouvez voter jusqu'au mars pour votre candidat prÃ©fÃ©rÃ© sur le site de France Bleu Elsass https://bit.ly/3pl5JAd

#dStimme

France 3 Alsace a publiÃ© une vidÃ©o dans la playlist Rund Um.
15 fÃ©vrier, 12:01 Â·

Qui seront les trois finalistes du concours de chant d'StÃ¬mme ? A vous de choisir ! Vous pouvez voter pour l'un des 5 chanteurs retenus Alles amateur SÃ¤nger und SÃ¤ngerine die met Freid Ã¹ff elsÃ¤ssich sÃ¬nge.",ğŸ˜‰ğŸ¥2ï¸âƒ£2ï¸âƒ£â¡ğŸ¶ğŸ¤,2021-02-18 18:11:52,208094739225344
4060971520604294,https://facebook.com/olcalsace/posts/4060971520604294,"[WÃ€S HESCH ÃŒM SCHÃŒLD ? / Ã€ CÃ”TÃ‰ DE LA PLAQUE !]

HÃ n Ã¬hr Ã m Friddi â€œWÃ s hesch Ã¬m SchÃ¬ldâ€ verpÃ sst? NÃ¬t schlÃ¬mm!

Dans ce vingtiÃ¨me Ã©pisode de â€œÃ€ coÌ‚teÌ de la plaque !â€, retour Ã  Mulhouse.fr (Mulhouse AlsacePlus AgglomÃ©ration - m2A) aux cÃ´tÃ©s d'Elisa, pour un second Ã©pisode, consacrÃ© cette fois Ã  l'histoire du Parc de la CotonniÃ¨re !
DÃ©couvrez Ã©galement la cÃ©lÃ¨bre CitÃ© de l'Automobile - musÃ©e national collection Schlumpf, ou encore le Musee Impression Sur Etoffes !

Retrouvez Ã©galement l'Ã©pisode en replay sur le site d'Alsace 20 : http://bit.ly/3am9iSo

Un partenariat Alsace20, Alsace Destination Tourisme - Pro, Visit Alsace et OLCAlsace
Un projet soutenu par : RÃ©gion Grand Est, Toute l'Alsace

#whis #acotedelaplaque #elsassischischbombisch",ğŸ™ƒâ¡ï¸,2021-02-15 17:37:02,208094739225344
4060324357335677,https://facebook.com/olcalsace/posts/4060324357335677,"D'STÃŒMME : OUVERTURE DES VOTES DU PUBLIC !
ÃŒhr kenne vÃ¹n jetzt Ã b wÃ¤hle!

Ã‡a y est, le concours D'Stimme reprend enfin son Ã©lan !

Du fÃ©vrier au mars Ã  minuit, votez pour votre chanson prÃ©fÃ©rÃ©e enPlus #alsacien sur le site de France Bleu Elsass ! Ã€ vos souris !

Votez pour votre chanson prÃ©fÃ©rÃ©e : http://bit.ly/3pl5JAd

ATTENTION : Un seul vote possible par adresse IP durant toute la pÃ©riode de vote 

#dStimme",ğŸ˜‰1ï¸âƒ£5ï¸âƒ£2ï¸âƒ£2ï¸âƒ£ğŸ˜‰â¡âš ï¸âš ï¸,2021-02-15 12:22:05,208094739225344
4060323207335792,https://facebook.com/olcalsace/posts/4060323207335792,"D'STÃŒMME : OUVERTURE DES VOTES DU PUBLIC !
ÃŒhr kenne vÃ¹n jetzt Ã b wÃ¤hle! 

Ã‡a y est, le concours D'Stimme reprend enfin son Ã©lan !
Voici les 5 demi-finalistes de cette 4Ã¨me Ã©dition !

Du fÃ©vrier au Plus mars Ã  minuit, votez pour votre chanson prÃ©fÃ©rÃ©e en #alsacien sur le site de France Bleu Elsass ! Ã€ vos souris ! 

Votez pour votre chanson prÃ©fÃ©rÃ©e : http://bit.ly/3pl5JAd

ATTENTION : Un seul vote possible par adresse IP durant toute la pÃ©riode de vote 

#dStimme

D'Stimme
15 fÃ©vrier, 10:46 Â·

OUVERTURE DES VOTES DU PUBLIC !

Nous sommes heureux de vous annoncer les 5 demi-finalistes de cette 4Ã¨me Ã©dition ! 

DÃ¨s Ã  prÃ©sent, et jusqu'au mars Ã  minuit, votez pour votre chanson prÃ©fÃ©rÃ©e en #Plusalsacien sur le site de France Bleu Elsass ! Ã€ vos souris ! 

Votez pour votre chanson prÃ©fÃ©rÃ©e : http://bit.ly/3pl5JAd

ATTENTION : Un seul vote possible par adresse IP durant toute la pÃ©riode de vote 

#dStimme",ğŸ˜‰1ï¸âƒ£5ï¸âƒ£2ï¸âƒ£2ï¸âƒ£ğŸ˜‰â¡âš ï¸âš ï¸ğŸ˜2ï¸âƒ£2ï¸âƒ£ğŸ˜‰â¡âš ï¸âš ï¸,2021-02-15 12:21:14,208094739225344
4053088934725886,https://facebook.com/olcalsace/posts/4053088934725886,"WÃ s hesch g'sÃ Ã t?! 
SPÃ‰CIAL ST-VALENTIN - LÃŒEB ÃŒSCH BOMBISCH! 

L'amour, Ã§a peut se dÃ©clarer Ã  bien des gens, et parfois mÃªme des choses. Et surtout, Ã§a peut se faire de bien des faÃ§ons !
Qu'elles soientPlus poÃ©tiques ou insolites, il y a des dÃ©clarations pour tous les goÃ»ts !
Merci Ã  Jean, et Ã  Nathalie Muller et Guy Riss du ThÃ©Ã¢tre de la Choucrouterie d'avoir participÃ© !

ÃŒhr sÃ¬nn bombisch

#elsassischischbombisch #saintvalentin",ğŸ“£ğŸ“£ğŸ“£â¤ğŸ˜,2021-02-14 11:55:00,208094739225344
4053088671392579,https://facebook.com/olcalsace/posts/4053088671392579,"WÃ s hesch g'sÃ Ã t?! 
SPÃ‰CIAL ST-VALENTIN - LÃŒEB ÃŒSCH BOMBISCH! 

L'amour, Ã§a peut se dÃ©clarer Ã  bien des gens, et parfois mÃªme des choses. Et surtout, Ã§a peut se faire de bien des faÃ§ons !
Qu'elles soientPlus poÃ©tiques ou insolites, il y a des dÃ©clarations pour tous les goÃ»ts !
Merci Ã  Denis, Ã  VÃ©ronique Ueberschlag-Erhart de Saint-Louis Agglo et Ã  Roger Siffer et Jean-Pierre Schlagg du ThÃ©Ã¢tre de la Choucrouterie d'avoir participÃ© !

ÃŒhr sÃ¬nn bombisch! 

#elsassischischbombisch #saintvalentin",ğŸ“£ğŸ“£ğŸ“£â¤ğŸ˜,2021-02-14 10:30:00,208094739225344
4042214495813330,https://facebook.com/olcalsace/posts/4042214495813330,"WÃ s hesch g'sÃ Ã t?! 

""De HÃ¬mmel hÃ¤ngt nÃ¬t Ã¬mmer voll BÃ ssgeje.""

""La vie nâ€™est pas toujours rose.""
(lit. Le ciel ne rÃ©sonne pas toujours des sons de contrebasses)

L'#OLCA vous propose chaque semaine dePlus dÃ©couvrir un dicton et/ou une expression en alsacien et sa traduction !
Et vous, vous avez des expressions ou dictons prÃ©fÃ©rÃ©s que vous souhaiteriez entendre sur notre page 

On se retrouve au mois de mars pour de prochaines expressions ! #elsassischischbombisch",ğŸ“£ğŸ“£ğŸ“£â‰ï¸â‰ï¸,2021-02-08 17:30:00,208094739225344
4041736672527779,https://facebook.com/olcalsace/posts/4041736672527779,"[WÃ€S HESCH ÃŒM SCHÃŒLD ? / Ã€ CÃ”TÃ‰ DE LA PLAQUE !]

HÃ n Ã¬hr Ã m Friddi â€œWÃ s hesch Ã¬m SchÃ¬ldâ€ verpÃ sst? NÃ¬t schlÃ¬mm! 

Dans ce dix-neuviÃ¨me Ã©pisode de â€œÃ€ coÌ‚teÌ de la plaque !â€, direction Ottrott, oÃ¹ BÃ©nÃ©dicte nousPlus raconte l'histoire de la rue de Bussierre. Une histoire sombre qui tÃ©moigne de la vie d'autrefois.
Mais Ã  Ottrott, l'herbe est aussi verte, surtout dans le beau parc du Windeck. Un incontournable du coin !

Retrouvez Ã©galement l'Ã©pisode en replay sur le site d'Alsace 20 : http://bit.ly/3rxooKr

Un partenariat Alsace20, Alsace Destination Tourisme - Pro, Visit Alsace et OLCAlsace
Un projet soutenu par : RÃ©gion Grand Est Toute l'Alsace

Mont Sainte-Odile Tourisme

#whis #acotedelaplaque #elsassischischbombisch",ğŸ™ƒâ¡ï¸,2021-02-08 13:04:30,208094739225344
4033765386658241,https://facebook.com/olcalsace/posts/4033765386658241,"[NOUVEAUTÃ‰ SÃ€MMLE]

L'espace de ressources SÃ mmle s'enrichit : Gustave Stoskopf Ã  l'honneur !

Gros plan plan sur celui que lâ€™on surnomma le ""MoliÃ¨re alsacien"" et sa cÃ©lÃ¨bre piÃ¨ce ""Dâ€™r Herr Maire"", Ã  dÃ©couvrir enPlus vidÃ©o dans une version jouÃ©e en 2019 par le ThÃ©Ã¢tre Alsacien Strasbourg. (rÃ©alisation : KAPTA PROD)

Toutes les infos par ici : http://bit.ly/2MWUAIe

#elsassischischbombisch

SAMMLE.ORG
Gustave Stoskopf Ã  lâ€™honneur | Espace ressources SÃ mmle",â¡ï¸,2021-02-05 16:55:00,208094739225344
4033625686672211,https://facebook.com/olcalsace/posts/4033625686672211,"[JEU ST-VALENTIN / LÃŒEB ÃŒSCH BOMBISCH!] 

La St-Valentin approche Ã  grands pas, et rÃ©cemment, nous avons davantage pris conscience de l'importance de dire Ã  nos proches que nous les aimons !
Pour cettePlus occasion, l'OLCA vous propose de partager un peu d'amour. Amour, amitiÃ©, famille... votre Valentin ou Valentine peut se cacher partout !
Partagez-nous votre plus belle dÃ©claration en #alsacien, qu'elle soit enflammÃ©e ou insolite ! 

Pour participer :
Faire un enregistrement audio de votre dÃ©claration en alsacien (de bonne qualitÃ© sans bruit de fond / 45 secondes maximum !)
Envoyer votre dÃ©claration par mail Ã  : info@olcalsace.org
Envoi jusqu'au lundi 08 fÃ©vrier Ã  midi au plus tard
Nous choisirons nos 5 dÃ©clarations prÃ©fÃ©rÃ©es et les diffuserons sur nos rÃ©seaux le dimanche 14 fÃ©vrier !

#elsassischischbombisch #saintvalentin","â¤ï¸ğŸ”¥ğŸ”Šâœ…ğŸ•›
",2021-02-05 11:55:00,208094739225344
4028261900541923,https://facebook.com/olcalsace/posts/4028261900541923,"Kukuss, wer Ã¬sch do?!

VÃ©ronique et Fabienne !
Nos deux chargÃ©es de promotion de l'#alsacien de Saint-Louis Agglo interviennent dans les Ã©coles pour animer des ateliers en alsacien avec les enfants.
Nos deuxPlus animatrices ne s'arrÃªtent pas lÃ  et animent Ã©galement des Ã©missions Ã  la radio, notamment ""Kumm, loos a mol!"" sur Radio Quetsch !

De trÃ¨s belles initiatives pour sensibiliser tous les publics Ã  la langue rÃ©gionale !
Merci vielmols!

#elsassischischbombisch

France 3 Alsace a publiÃ© une vidÃ©o dans la playlist Rund Um.
2 fÃ©vrier, 13:03 Â·

C'est une premiÃ¨re en Alsace : Ã  Saint-Louis AgglomÃ©ration, Fabienne Richard et VÃ©ronique Ueberschlag sont chargÃ©es de la promotion de l'alsacien. Sie brenga s'elsassischa e verschiedeni Orta met un bsunders e d'SchÃ¼el, Ã s d'SprÃ ch so viel Ã s meglig gret wurd.",ğŸ™â¤,2021-02-03 10:01:58,208094739225344
4023664284335018,https://facebook.com/olcalsace/posts/4023664284335018,"WÃ s hesch g'sÃ Ã t?! 
[SPÃ‰CIAL JEU ST-VALENTIN / LÃŒEB ÃŒSCH BOMBISCH!] 

""WÃ nn dini Oeje verlÃ¬ebt glÃ¬tzere, noh bÃ¬sch dÃ¼ miner Owe- Ã¹n Morjestarn!""

""Quand tes yeux scintillent amoureusement, c'est toi qui esPlus mon Ã©toile du soir et du matin !""

La St-Valentin approche Ã  grands pas, et rÃ©cemment, nous avons davantage pris conscience de l'importance de dire Ã  nos proches que nous les aimons !
Pour cette occasion, l'OLCA vous propose de partager un peu d'amour. Amour, amitiÃ©, famille... votre Valentin ou Valentine peut se cacher partout !
Partagez-nous votre plus belle dÃ©claration en #alsacien, qu'elle soit enflammÃ©e ou insolite ! 

Pour participer :
Faire un enregistrement audio de votre dÃ©claration en alsacien (de bonne qualitÃ© sans bruit de fond / 45 secondes maximum !)
Envoyer votre dÃ©claration par mail Ã  : info@olcalsace.org
Envoi jusqu'au lundi 08 fÃ©vrier Ã  midi au plus tard

Nous choisirons nos 5 dÃ©clarations prÃ©fÃ©rÃ©es et les diffuserons sur nos rÃ©seaux le dimanche 14 fÃ©vrier !

#elsassischischbombisch #saintvalentin",ğŸ“£ğŸ“£ğŸ“£â¤ï¸ğŸ”¥ğŸ”Šâœ…ğŸ•›,2021-02-01 17:00:01,208094739225344
