emoji;name;UTF code;Kategorie;Schlüsselwörter;Beschreibung;Beispiel;Emoji-Beziehung
😂;Gesicht mit Freudentränen;1F602;Smileys & Emotionen - lächelndes Gesicht;Gesicht | Gesicht mit Freudentränen | lachen | Tränen;"Mit einem breiten Lächeln, hochgezogenen Augenbrauen und lächelnden Augen lachte er zu viel und vergoss Tränen. Auch bekannt als Gesicht mit Freudentränen, LOL-Gesicht oder CWL-Gesicht. Das ist eine der beliebtesten Emoji, um Spaß, intensive Freude und Verlegenheit auszudrücken. Ähnlich wie 🤣 ⚠️ : Das Emoji wurde von 2014 bis 2018 als eines der zehn beliebtesten Emojis eingestuft und Emoji des Jahres gekürt. Die Bedeutung des Emoji-Symbols 😂 ist Gesicht mit Freudentränen, es ist verwandt mit Gesicht, Gesicht mit Freudentränen, lachen, Tränen, finden Sie in der Emoji-Kategorie: "" 😂 Smileys & Emotionen"" - "" 😄 lächelndes Gesicht"".";Die Anzeigen unserer Website sind wirklich interessant.😂 😂 😂;😂🤣⚠️😹😀🤩❤😍😅😆
❤️;rotes Herz;2764;Smileys & Emotionen - Emotion;Herz | rotes Herz;"Ein rotes Herz kann verwendet werden, um Emotionen wie Genießen, Liebe, Romantik usw. auszudrücken. Der aktuelle ❤️ ist eine Variante von Emoji (Emoji-Stil, der auf den meisten neuen Plattformen farbenfrohe Symbole anzeigt) und verfügt über zwei entsprechende Emoji: ❤ (Basis-Emoji ohne Variantensymbole) und ❤︎ (Textstil, Anzeige von schwarzen und weißen Symbolen) einige alte Plattformen). Die Bedeutung des Emoji-Symbols ❤️ ist rotes Herz, es ist verwandt mit Herz, finden Sie in der Emoji-Kategorie: "" 😂 Smileys & Emotionen"" - "" 💋 Emotion"".";Mit dir zusammen zu sein ist mein größtes Glück. “ ❤️;❤️💓🖤♥💙💔📕💑👨‍❤️‍👨👩‍❤️‍👩
😭;heulendes Gesicht;1F62D;Smileys & Emotionen - Gesicht besorgt;Gesicht | heulendes Gesicht | Tränen | traurig;"Ein trauriges Gesicht, Tränen flossen über die Wangen, sehr traurig, sehr verletzt, sehr schmerzhafter Ausdruck. Es kann Verletzungen, Schmerzen und Unbehagen ausdrücken; es kann auch die entgegengesetzte Bedeutung ausdrücken, wie z. B. vor Freude weinen. Verwandte Emojis: 😢 😫 😩 😣 Die Bedeutung des Emoji-Symbols 😭 ist heulendes Gesicht, es ist verwandt mit Gesicht, Tränen, traurig, finden Sie in der Emoji-Kategorie: "" 😂 Smileys & Emotionen"" - "" 😞 Gesicht besorgt"".";Der FC Bayern ist im Fußball-Himmel! Im Champions-League-Finale von Lissabon gewinnen die Münchner dank eines Tores von Kingsley Coman mit 1:0 (0:0) gegen Paris Saint-Germain. 😭;😭😢😫😩😣😲🖤😿😞😓
😍;lächelndes Gesicht mit herzförmigen Augen;1F60D;Smileys & Emotionen - Gesichtszuneigung;Gesicht | lächelndes Gesicht mit herzförmigen Augen | verliebt;"Dases glückliche Gesicht mit Herzen anstelle von Augen zeigt Liebe, Anbetung oder Dankbarkeit. Enthält aber auch eine starke romantische Atmosphäre. Es ist das beliebteste Emoji des Liebesthema. Verwandte Emojis: 😘 🥰 🤗 Die Bedeutung des Emoji-Symbols 😍 ist lächelndes Gesicht mit herzförmigen Augen, es ist verwandt mit Gesicht, lächelndes Gesicht mit herzförmigen Augen, verliebt, finden Sie in der Emoji-Kategorie: "" 😂 Smileys & Emotionen"" - "" 😍 Gesichtszuneigung"".";Was für eine tolle Mädchennacht 😍 😍 ~;😍😘🥰🤗👉💓😋🤩💗💘
♻️;Recycling-Symbol;267B;Symbole - anderes Symbol;Recycling | Recycling-Symbol;"Die drei grünen Pfeile zirkulieren im Uhrzeigersinn dreieckig, was ein internationales Recycling-Symbol ist. In der Regel bedeutet es Recycling, Ressourcenschonung und Umweltschutz. Es erscheint oft auf recycelbaren Waren oder Verpackungen von recycelbaren Waren, dh das Material ist recycelbar. Verwandte Emojis: 📄 🚮 🚯 Der aktuelle ♻️ ist eine Variante von Emoji (Emoji-Stil, der auf den meisten neuen Plattformen farbenfrohe Symbole anzeigt) und verfügt über zwei entsprechende Emoji: ♻ (Basis-Emoji ohne Variantensymbole) und ♻︎ (Textstil, Anzeige von schwarzen und weißen Symbolen) einige alte Plattformen). Die Bedeutung des Emoji-Symbols ♻️ ist Recycling-Symbol, es ist verwandt mit Recycling, finden Sie in der Emoji-Kategorie: "" 🛑 Symbole"" - "" ☑️ anderes Symbol"".";📢 Fördern Sie schrittweise 🚮 die Müllsortierung im ganzen Land, was ♻️ recycelbarem Müll förderlich ist, wodurch Ressourcenverschwendung reduziert und die Umwelt geschützt wird!;♻️📄🚮🚯📢🔄🔁🌲💚🛑
♥️;Herz;2665;Aktivitäten - Spiel;Herz | Kartenspiel;"Das ist ein rotes Herz und seine Farbe variiert je nach Plattform. Das rote Herz ist eine der vier Farben von Spielkarten, die Liebe und verschiedene emotionale und emotionale Gedanken symbolisieren und auch den Frühling darstellen 🌸 . Der Heilige Gral repräsentiert Emotionen im Tarot, daher ist das entsprechende Herz als Herzform gestaltet, was auf Liebe hindeutet 💓 . Ähnliches Emoji: ❤️ .Verwandte Emojis:♠♠♥️♦🃏 Der aktuelle ♥️ ist eine Variante von Emoji (Emoji-Stil, der auf den meisten neuen Plattformen farbenfrohe Symbole anzeigt) und verfügt über zwei entsprechende Emoji: ♥ (Basis-Emoji ohne Variantensymbole) und ♥︎ (Textstil, Anzeige von schwarzen und weißen Symbolen) einige alte Plattformen). Die Bedeutung des Emoji-Symbols ♥️ ist Herz, es ist verwandt mit Kartenspiel, finden Sie in der Emoji-Kategorie: "" ⚽ Aktivitäten"" - "" 🎯 Spiel"".";Normalerweise sind unsere Mobiltelefone sind gezwungen, viele Spam - Nachrichten zu erhalten, wie „Macao 🎲 💰 ♠ ️ ♥️ ️ ♣ ️ ♦ ️ ......“ Wir müssen wachsam sein und bleiben weg von Spam. Wenn wir unterwegs einen gutaussehenden Mann sehen, senden wir eine Nachricht an Girlfriends: „Ich habe gerade einen gutaussehenden Mann getroffen ♥️ ️ ♥️ ️ ♥️ ️ !!“;♥️🌸💓❤️♠♦🃏🎲💰♣
😊;lächelndes Gesicht mit lachenden Augen;1F60A;Smileys & Emotionen - lächelndes Gesicht;erröten | Freude | Gesicht | lächelndes Gesicht mit lachenden Augen | rote Wangen;"Es ähnelt einem klassischen Smiley mit einer roten Wange, hat aber lachenden Augen. Es ist eher ein Hinweis darauf, dass Sie wirklich glücklich oder positiv sind, aber auch ein wenig romantisch. Ähnlich wie☺️. Die Bedeutung des Emoji-Symbols 😊 ist lächelndes Gesicht mit lachenden Augen, es ist verwandt mit erröten, Freude, Gesicht, lächelndes Gesicht mit lachenden Augen, rote Wangen, finden Sie in der Emoji-Kategorie: "" 😂 Smileys & Emotionen"" - "" 😄 lächelndes Gesicht"".";Tun, was ich kann mit was ich habe 😊;😊☺️😛😸😀😁🤗😙🐵🙂
💕;zwei Herzen;1F495;Smileys & Emotionen - Emotion;Herz | Liebe | zwei Herzen;"Das sind zwei Herzen, die nach oben und unten versetzt sind und auf den meisten Plattformen als rote Herzen und auf Apple-, Samsung-, WhatsApp- und OpenMoji-Plattformen als rosa Herzen angezeigt werden. Es bedeutet im Allgemeinen Liebe und Wärme und kann auch Romantik, Rosa, Liebe und gute Laune bedeuten. Mädchen benutzen Das Emoji besonders gerne. Verwandte Emojis: 💘 💝 💗 💓 💞 💖 Die Bedeutung des Emoji-Symbols 💕 ist zwei Herzen, es ist verwandt mit Herz, Liebe, finden Sie in der Emoji-Kategorie: "" 😂 Smileys & Emotionen"" - "" 💋 Emotion""."; Alles soll gut sein, Jack soll Jill haben. 💕 Gute Nacht, mögest du einen guten Traum haben. 💕 💤;💕💘💝💗💓💞💖💤🦩💟
😔;nachdenkliches Gesicht;1F614;Smileys & Emotionen - schläfrig;Gesicht | nachdenklich | nachdenkliches Gesicht;"Ein trauriger Ausdruck mit geschlossenen Augen und niedrigem Kopf, der alle Arten von traurigen Emotionen verbreiten kann, einschließlich Enttäuschung, Verletzung, Entschuldigung Einsamkeit oder Frustration. Ähnlich wie😞 . Die Bedeutung des Emoji-Symbols 😔 ist nachdenkliches Gesicht, es ist verwandt mit Gesicht, nachdenklich, finden Sie in der Emoji-Kategorie: "" 😂 Smileys & Emotionen"" - "" 😴 schläfrig"".";Die Freundin meiner Mutter hat gerade ihre 25-jährige Tochter verloren 😔;😔😞😢😥😓😰🥺😯😭🤥
😘;Kuss zuwerfendes Gesicht;1F618;Smileys & Emotionen - Gesichtszuneigung;Gesicht | Kuss | Kuss zuwerfendes Gesicht;"Ein Gesicht mit einem Augenzwinkern, Kuss mit einem schwebenden roten Herzen zuwerfend. Es drückt im Allgemeinen gute Nacht oder Auf Wiedersehen und kann auch die Bedeutung von Flirten haben. Ähnlich wie 😗😙 Die Bedeutung des Emoji-Symbols 😘 ist Kuss zuwerfendes Gesicht, es ist verwandt mit Gesicht, Kuss, finden Sie in der Emoji-Kategorie: "" 😂 Smileys & Emotionen"" - "" 😍 Gesichtszuneigung"".";Vielen Dank Bestie. Ich liebe dich 😘 😘;😘😗😙💏💋👨‍❤️‍💋‍👨👩‍❤️‍💋‍👩😚😍🥰
😒;verstimmtes Gesicht;1F612;Smileys & Emotionen - gesichtsneutral-skeptisch;Gesicht | unglücklich | verstimmtes Gesicht;"Ein Gesicht mit leichtem Stirnrunzeln und missbilligenden Augenbrauen. Vermittelt negative Emotionen wie Unannehmlichkeiten, Unzufriedenheit, Abneigung oder Wut. Kann auch verwendet werden, um sich denen zu stellen, die über dich lachen. Die Bedeutung des Emoji-Symbols 😒 ist verstimmtes Gesicht, es ist verwandt mit Gesicht, unglücklich, finden Sie in der Emoji-Kategorie: "" 😂 Smileys & Emotionen"" - "" 🤐 gesichtsneutral-skeptisch"".";Meine Freundin hat in mein Ins Kommentare geschreibt: Du bist dick wie ein Faß.😒 😒 😒 .;😒😠😼😕😑🤦🤨🙄🤥🤢
😩;erschöpftes Gesicht;1F629;Smileys & Emotionen - Gesicht besorgt;erschöpft | erschöpftes Gesicht | Gesicht | müde;"Stirnrunzelndes, erschöpftes Gesicht mit abfallendem Mundwinkel.Es kann Emotionen wie Frustration, Traurigkeit, Schmerz, Müdigkeit oder Langeweile vermitteln oder geistig/körperlich völlig ausgeläuft sein. Die Bedeutung des Emoji-Symbols 😩 ist erschöpftes Gesicht, es ist verwandt mit erschöpft, erschöpftes Gesicht, Gesicht, müde, finden Sie in der Emoji-Kategorie: "" 😂 Smileys & Emotionen"" - "" 😞 Gesicht besorgt"".";Warum gibt es heute so viele Menschen im Museum. Das Volk drängte sich.😩 😩;😩😠😖😥😰😯😭😣🤬😴
😁;strahlendes Gesicht mit lachenden Augen;1F601;Smileys & Emotionen - lächelndes Gesicht;Gesicht | lustig | strahlendes Gesicht mit lachenden Augen | Zähne;"Lachendes Gesicht mit offenem Mund und lächelnden Augen Dieses Emoji drückt Glück aus und wird auch verwendet, um Zustimmung oder Zufriedenheit auszudrücken. Seine Farbe variiert je nach Plattform.Verwandte Emojis: 😬 🤩 😸 🤠 Die Bedeutung des Emoji-Symbols 😁 ist strahlendes Gesicht mit lachenden Augen, es ist verwandt mit Gesicht, lustig, Zähne, finden Sie in der Emoji-Kategorie: "" 😂 Smileys & Emotionen"" - "" 😄 lächelndes Gesicht"".";Eine Flasche Mineralwasser ohne Kohlensäure, bitte.😁;😁😬🤩😸🤠😀🙂😺😇😃
☺️;lächelndes Gesicht;263A;Smileys & Emotionen - Gesichtszuneigung;fröhlich | Lächeln | lächelnd | lächelndes Gesicht;"Klassisches Smiley-Gesicht, es kann als der Pionier des Emoji angesehen werden. Es kniff die Augen zusammen und lächelte rot. Wird im Allgemeinen verwendet, um Glück, Wärme, Glück oder Dankbarkeit auszudrücken. Textbasierte Variante: :) oder :-).Ähnlich wie 😊 Der aktuelle ☺️ ist eine Variante von Emoji (Emoji-Stil, der auf den meisten neuen Plattformen farbenfrohe Symbole anzeigt) und verfügt über zwei entsprechende Emoji: ☺ (Basis-Emoji ohne Variantensymbole) und ☺︎ (Textstil, Anzeige von schwarzen und weißen Symbolen) einige alte Plattformen). Die Bedeutung des Emoji-Symbols ☺️ ist lächelndes Gesicht, es ist verwandt mit fröhlich, Lächeln, lächelnd, lächelndes Gesicht, finden Sie in der Emoji-Kategorie: "" 😂 Smileys & Emotionen"" - "" 😍 Gesichtszuneigung"".";Ihre Freundin sagt Ihnen: „Ich habe mir gerade die Haare geschnitten, mein Freund hat mir gesagt, dass es süß aussieht ☺️ “ Danke, lieber ☺️;☺️😊😋😀😁🤗😚😌🙂😇
🙏;zusammengelegte Handflächen;1F64F;Menschen & Körper - Hände;beten | betende Hände | bitte | Gebet;"Die beiden Hände sind zusammengeschlossen, werden normalerweise zum Gebet, Bitte oder Danke verwendet und manchmal verwendet, um Traurigkeit, Bedauern oder High-Five auszudrücken. Die Bedeutung des Emoji-Symbols 🙏 ist zusammengelegte Handflächen, es ist verwandt mit beten, betende Hände, bitte, Gebet, finden Sie in der Emoji-Kategorie: "" 👌 Menschen & Körper"" - "" 🤝 Hände"". 🙏 ist eine Emoji-Modifikatorbasis, kann als einzelnes Emoji verwendet werden und kann auch mit dem Hautton-Emoji-Modifikator kombiniert werden, um ein neues Emoji zu bilden. Es gibt 5 Arten von Emoji-Modifikatoren, nämlich: 🏻 , 🏼 , 🏽 , 🏾 , 🏿 . 🙏 wird mit diesen Hautton-Emoji-Modifikatoren kombiniert, um neue Emoji-Modifikatorsequenzen zu bilden. Das Folgende sind Beispiele für die Kombination: 🙏🏻 = 🙏 + 🏻 🙏🏼 = 🙏 + 🏼 🙏🏽 = 🙏 + 🏽 🙏🏾 = 🙏 + 🏾 🙏🏿 = 🙏 + 🏿";Sei bitte nett zu Tieren. 🙏 🙏 🙏;🙏👐🤲🕋🧎✝⛪🕍🙇🙌
👍;Daumen hoch;1F44D;Menschen & Körper - Hand-Finger-Geschlossen;Daumen | Daumen hoch | gut | Hand | nach oben;"Das ist eine Daumen hoch-Geste. Das Emoji wird normalerweise verwendet, um Zustimmung oder Lob auszudrücken, bedeutet aber oft auch großartige, gute Arbeit und schön. Seine Verwendung ist sehr ähnlich wie 🤙. Es sollte jedoch beachtet werden , dass es kulturelle Unterschiede in verschiedenen Regionen: in Westafrika, dem Mittleren Osten, Russland und Südamerika, bedeutet das gleiche wie 🖕 in der westlichen Zivilisation. Die Bedeutung des Emoji-Symbols 👍 ist Daumen hoch, es ist verwandt mit Daumen, gut, Hand, nach oben, finden Sie in der Emoji-Kategorie: "" 👌 Menschen & Körper"" - "" 👍 Hand-Finger-geschlossen"". Die aktuelle 👍 ist ein grundlegendes Emoji ohne Variantensymbole, und es gibt zwei entsprechende Emoji-Variationssequenzen: 👍️ (Emoji-Stil, Anzeige bunter Symbole auf den meisten neuen Plattformen) und 👍︎ (Textstil, Anzeige schwarz-weißer Symbole) einige alte Plattformen). 👍 ist eine Emoji-Modifikatorbasis, kann als einzelnes Emoji verwendet werden und kann auch mit dem Hautton-Emoji-Modifikator kombiniert werden, um ein neues Emoji zu bilden. Es gibt 5 Arten von Emoji-Modifikatoren, nämlich: 🏻 , 🏼 , 🏽 , 🏾 , 🏿 . 👍 wird mit diesen Hautton-Emoji-Modifikatoren kombiniert, um neue Emoji-Modifikatorsequenzen zu bilden. Das Folgende sind Beispiele für die Kombination: 👍🏻 = 👍 + 🏻 👍🏼 = 👍 + 🏼 👍🏽 = 👍 + 🏽 👍🏾 = 👍 + 🏾 👍🏿 = 👍 + 🏿";Danke, dass du es in meinen Feed aufgenommen hast 👍 .;👍🤙🖕👏🙆👌🙌🆗👎✌
😉;zwinkerndes Gesicht;1F609;Smileys & Emotionen - lächelndes Gesicht;Gesicht | Zwinkern | zwinkerndes Gesicht;"Ein fröhliches Augenzwinkern, Einer der beliebtesten Emojis. Das Emoji kann Humor ausdrücken und wird auch häufig in Flirtszenen verwendet. Verwandte Emojis: 😝 😜 😙 😏 Die Bedeutung des Emoji-Symbols 😉 ist zwinkerndes Gesicht, es ist verwandt mit Gesicht, Zwinkern, finden Sie in der Emoji-Kategorie: "" 😂 Smileys & Emotionen"" - "" 😄 lächelndes Gesicht"".";Grüße an alle Schönheiten hier 😉;😉😝😜😙😏😘😊🤨🙄✨
👌;OK-Zeichen;1F44C;Menschen & Körper - Hand-Finger-partiell;exzellent | Hand | in Ordnung | OK | OK-Zeichen | perfekt;"Das ist eine rechte Hand, die an der Seite gehalten wird. Zehn Finger und die Daumenspitze sind zu einem Kreis ⭕️ zusammengeklebt , was 🆗 bedeutet. Das Emoji steht für ;gut; und ;akzeptieren; und kann auch die Zahl 3⃣ und die mundförmige Hand im Dai- Pfauentanz 🦚 darstellen . Manchmal bedeutet Das, dass Sie sprachlos sind und das Thema schnell beenden möchten. Verwandte Emojis: 🤘 🤙 🤞 🤟. Die Bedeutung des Emoji-Symbols 👌 ist OK-Zeichen, es ist verwandt mit exzellent, Hand, in Ordnung, OK, perfekt, finden Sie in der Emoji-Kategorie: "" 👌 Menschen & Körper"" - "" 👌 Hand-Finger-partiell"". 👌 ist eine Emoji-Modifikatorbasis, kann als einzelnes Emoji verwendet werden und kann auch mit dem Hautton-Emoji-Modifikator kombiniert werden, um ein neues Emoji zu bilden. Es gibt 5 Arten von Emoji-Modifikatoren, nämlich: 🏻 , 🏼 , 🏽 , 🏾 , 🏿 . 👌 wird mit diesen Hautton-Emoji-Modifikatoren kombiniert, um neue Emoji-Modifikatorsequenzen zu bilden. Das Folgende sind Beispiele für die Kombination: 👌🏻 = 👌 + 🏻 👌🏼 = 👌 + 🏼 👌🏽 = 👌 + 🏽 👌🏾 = 👌 + 🏾 👌🏿 = 👌 + 🏿";Wenn Sie zum Beispiel auf Geschäftsreise sind, kann es einen Monat dauern, Ihre Frau macht sich ein wenig Sorgen um Sie, Sie möchten zum Ausdruck bringen, dass Sie dort sehr gut sind: Baby, keine Sorge, alles läuft gut 👌 .;👌⭕️🆗3⃣🦚🤘🤙🤞🤟🙆
😅;grinsendes Gesicht mit Schweißtropfen;1F605;Smileys & Emotionen - lächelndes Gesicht;Gesicht | grinsendes Gesicht mit Schweißtropfen | lustig | Schweiß | schwitzen;"Ein grinsendes Gesicht mit Schweißtropfen, stellt Spannung oder Verlegenheit dar, kann aber auch verwendet werden, um Komfort auszudrücken. Verwandte Emojis: 😢 😥 💧 😓 😰 😂 😳 Die Bedeutung des Emoji-Symbols 😅 ist grinsendes Gesicht mit Schweißtropfen, es ist verwandt mit Gesicht, grinsendes Gesicht mit Schweißtropfen, lustig, Schweiß, schwitzen, finden Sie in der Emoji-Kategorie: "" 😂 Smileys & Emotionen"" - "" 😄 lächelndes Gesicht"".";Ich habe es vergessen, meine Bücher mitzubringen. 😅;😅😢😥💧😓😰😂😳😬😃
👀;Augen;1F440;Menschen & Körper - Körperteile;Auge | Augen | Gesicht;"Das ist ein Paar Comic-Augen, die nach links schauen. Es wird auch in der Mitte auf Messenger-, Softbank- und Microsoft-Plattformen angezeigt. Es sieht ein wenig lustig aus und kann verwendet werden, um Überwachung, Voyeurismus, Zensur und Aufmerksamkeit sowie Spähen und Erwartung anzuzeigen. Verwandte Emojis: 🕶 👁 👁️ Die Bedeutung des Emoji-Symbols 👀 ist Augen, es ist verwandt mit Auge, Gesicht, finden Sie in der Emoji-Kategorie: "" 👌 Menschen & Körper"" - "" 👃 Körperteile"".";Bald komme ich 👀 ！;👀🕶👁👁️‍🗨️👓🥺🙄😳🙈😎